"id","rgz","rgxx","rgcz","rgzfx","xgfx","aqfx","syfx","cyfx","jkfx"
"1","丙戍","

熱情豪爽,自信好勝,善言健談,欠缺沉著,但情緒不穩,衝動易怒,缺乏仔細、認真。

","[丙戌][中等]坐火庫，身旺，火光熠熠，聰明漂亮。","
性情溫和，技藝護身，衣祿不愁，豪傑和順，自能有財；獨立家業；前運不周，利益不順，中年操勞，錢財有進；晚年榮華。女人中年奔波，辛苦求財，老年稍微？血財發旺，珍惜為盼？
","
丙是威勢猛烈的陽之火,熊熊的燃燒能令鐵為之熔化。因此,丙日出生的人精力充沛,猛勢所至之處可得權威與名聲,會傾出所有的熱情追求自己的理想。<br />光明正大的丙有不能隱瞞事物的短處,因而有時會聒噪的訴說或傾吐自己的心事。<br />丙的性格就像火一樣,瞬間燃燒又倏地消滅,此外,由於自認才智過人,多半成懶惰者,總想自己擁有滿腔的熱情就已足夠,毋須認真努力。<br /><font color=""#0000ff"">丙戌日生的人有溫和的品格,重視勤勉,然而似有多管閒事的癖好。</font>","丙日生的人都是熱情的戀人，一旦喜歡某個人，會毫不猶豫地積極追求，而這種果敢正是這型人的利器。初次會面，只要判斷是“自己喜歡的類型”，一般就會省略寫信或打電話等磨蹭的手續，直接向對方提出邀約。<br />這種類型的男人多戀情，有妻妾同居的熱情傾向，擁有超越常識範圍的開放戀愛觀，他能在同時期和各種不同類型的女性大談各種不同的戀愛，其技巧之高堪稱行家。<br />說他能幹是好聽的話，事實上難以控制逾越正是火的性質，一旦“談戀愛”的傾向增強，雖然不甚有興趣，但仍會追求別人的女友，或勾引上司的太太以致出現危險的局面。由於到處亂播火種，又不留意是否會被灼傷，最後終會導致以愛為主的局面。","這種人就象熊熊燃燒的烈火，天生擁有很好的說服力。丙性質的人最適合從事推銷員工作，只要抓住機會，就會猛烈地發揮優秀的口才說服他人成功。依此看來，丙很適合律師、教育家或宗教家等職業。遇上這種人，就連閉得再緊的貝殼，被如此熱情的猛火一烘，也會在不知不覺中打開蓋子。此外，需要耀眼才華的藝術家或藝人也是丙日生的人的特長，他們都有天才性的發展，如日本歌星美空雲雀在少女時代就已登上歌謠界的女王寶座，日本漫畫高手手塚治蟲也是此型的明例。<br />由火的暗示來看，使用火的烹飪工作非常合適，飲食事業雖與水相關，但很多火的人也活躍在這個業界中，高熱燒土的陶藝家也是合適的工作方向，處理鍋爐與內燃機的工作與火性質相合。<br />火又有能源的意味，所以瓦斯、石油、煤炭等業界，或電力相關事業都很可行。此外，電器或光學事業也含火性，是丙適合從事的職業。就熱情的個性而言，運動員可盡情發揮，尤其是丁年的人生來就有競爭性更是完美的選擇。","丙日生的人天生熱情洋溢、行動奔放，所以身上很難放著錢不用，這種類型的人認為錢是給人用的，賺得多用的更凶，在百貨公司看中的裝飾品，會毫不猶豫的買回家。不過這種情形反而對丙有利，如果勉強儲蓄，致使自由自在的行動受阻，氣勢削弱，易生危險。<br />崇尚自然的丙若能發揮自由的特性，自力更生以應付開銷，才是最理想的生活方式，一旦惜物後，會喪失“火之兄”的特性，光華盡失。<br />丙日的人要想維持無虞的生活，最好始終讓身邊充滿華麗的氣氛，萬一生來小氣，欠缺和人交際則此星的光輝消失，最後窮神將找上門來，自由的金錢觀才能支持丙活力充沛地享受人生。","丙日生的人太過放縱自己，根本不會有所保留，因此這種類型的人壞自己身體的大有人在。就象連續的徹夜工作、酗酒等超出極限之外的事，導致身體報銷。<br />丙日生的人容易罹患的疾病有心臟病、眼病、胃腸病、肺病、神經痛、婦科病等。特別是壬年出生的人，由於生命之火正面被水澆下，所以恐有重疾。此外，戊年生的人平常的身體某處會被疾病侵蝕，須多留意。"
"2","癸酉","

逞強頑固,是努力家,有耐力,熱情大方,聰穎機靈,但心地狹窄,容易小氣。

","[癸酉][下等]坐偏印，金神，外表柔和，內心陰毒。富於心計，會掙錢，但也會花錢。","
心直公平，伶牙俐齒，防言多失；衣祿自儉，有備無患，平穩足用；六親冷淡，自謀求生；社會交往，多有人愛，雖事不成，少取勿貪，百業可為；女人助夫，勤儉持家，晚年幸福！
","
癸有測量之意,水之阻的癸是指隆冬之時,草木枯萎一望無際,因而便於測量。<br />有別于壬的大河性格,癸是指小溪,水溝的細細水流、池沼混濁的水,或在草木葉上棲息的露水。壬可以說是表現之水,而癸則是底層的深水,水的表面儘管明亮,但光線卻很難射入水底,因此癸的人在內心深處始終穩藏了神秘的性格。<br />癸日生的人性情平等、順從,重視默默的努力,但是當努力不為人接受時,忍耐到極點後會爆發怒氣。由於善於察言觀色,並加以協調配合,因而有旺盛的服務精神。<br /><font color=""#0000ff"">癸酉日生的人屬默默奮鬥型,由於耐力不夠,一旦馬馬虎虎行事,反而為自己招來不少麻煩。</font>","癸日生的男性有虛弱的一面，而它使戀情有了複雜的陰影。因為這虛弱在女性眼中成了無上的魅力，在“想保護”他的感情驅策下，進而締結戀情是常有的事。<br />這型男性不會直接示愛，他把認識的女性全當成女友看待，多少有一點“沉默寡言”的傾向。<br />癸日的男性對異性的追求很熱衷，有時會對異性糾纏不休。此外，這型人也有官能倒錯的傾向，有時會性倒錯而想成為女性。","癸意味著地下水，因此他不會在人們看到的地方活動，而是在某個深處樸實工作，有許多保守的研究者是癸日出生的，他們不是愛女學生歡迎的王牌學者，而是樸實的累積成果。<br />由於洞察力非常敏銳，很適合參謀工作，在團體中如果立他為副領袖，可以發揮智慧推展許多活動。在公司或組織中，癸型的人都擅長訂定計劃，並會完美的達成任務，加上他十分擅長於預先準備好各方面有利的話而圓滿達成交涉，因此多活躍于幕後，成為所謂的謀士。<br />水的流通也意味錢的流通，五行中土是不動產，而金則為動產。依此看來，癸很適合往金融業發展。此外，若論流通，人來人往的百貨公司、超級市場、交通業、旅遊業等也非常合適。<br />癸的人特別擅長對人服務，因而介紹人、顧問、販賣報紙等以服務為主體的行業全部都很適應。特別是甲年生的人最能發揮癸的服務性，飯店業、理容業也是這型人的得意業。<br />服務業中凡是利用水性的行業如咖啡廳、酒吧點心店、餐廳、小吃店等都沒問題。清涼飲料、牛奶、酒類業更是沒話說的適合。此外，需要大量水的溫泉、浴場、洗衣店等也是癸可選擇的行業。水也可廣義的解釋成液體，因此也可考慮石油、汽油販賣等相關職種。","癸也屬水性，有很好的洞察力。這種類型的人多勤勉努力，不靠洞察力或先見力。也能夠聚集努力的結晶，擁有錢財或不動產。賺得快花得快是人之常情，但這種類型的人卻例外，錢財一旦到手，就會慎重、踏實的處理。<br />例如在公司舉辦的“意見競賽”中奪魁而得到的獎金，癸的人會把它存起來當成結婚資金，決不會把它用在吃喝上。想來這種類型的人深知“聚沙成塔”的各種滋味，知道錢的好處多多。除了正式的工作外，他們多半也嘗試各種打工增加副收入。","癸位居十幹之末，從健康運來看，已呈疲勞的狀態。不過，他同時又孕育十幹之首的甲，所以內含精力。儘管外觀虛弱，但仍有十分強的健康運。<br />癸中要屬己年和乙年生的人最須留意，不要太過勉強自己，一旦覺得疲勞，應立刻休息。<br />概括來說，癸的人較容易惟患腎臟系統的疾病。面呈黑色的人更須特別注意。"
"3","乙未","

個性沉著,警戒心強,表面現象不願與人爭執,溫柔含蓄,但感情脆弱。隨風轉舵,看人說話。

","[乙未][中等]坐庫通根，財星入庫，主富，但愛財小氣，再逢命局或大運流年沖庫主發財。","
少年勤儉，初年平順；兄弟少靠；子息不孤；晚年聚財，可以興旺；女人持家，恩夫旺子，精打細算？
","
乙同屬木性,與木之兄的陽木相對,有木之弟的陰性氣質。木所具有溫和、安靜特性較常在乙身上出現。<br />乙源自軋,意指互相傾軋或互相摩擦,春季時,萬物會自皮中掙出逐漸成長。<br />若以天文現象而言,甲是一閃而過的雷電,而乙則是吹拂樹尖的風。性格上而言,甲是樹木,而乙則是攀沿樹木的葛藤。也就是說甲會直往上伸展,而乙則是柔軟、彎曲身體的蜿蜒而上。<br />由於乙的性格溫和,因此多半不是自我主張過強的人,就算問題發生時,也多採取靜觀事變的態度,進而尋求合理的解決方法。但因過於重視人和,往往成了好好先生,易受四周環境所影響。<br /><font color=""#0000ff"">乙未日出生的人性格圓滿、保守,就算被人說壞話也如過耳東風笑笑即忘,因而不會與周圍的人起摩擦。儘管運勢稍弱,但因不會遭人攻擊,此點反而成了強勁的武器。</font>","這種類型的男性太過溫柔，就連向對方傳達自己的感情時，也不採取直接的手段，反而拼命的思考不著痕跡的方法，有道是皇帝不急太監急，他的周圍友人都替他焦慮不安，希望他能勇敢地表白。<br />由於欠缺決斷力，常會擔心自己的舉動可能造成對方的麻煩，因此就算贈送禮物給心愛的對象，事後被問起時多半會佯裝不知。<br />如此一來，女性可能會認為乙日男性不可靠，然而就是這種不可靠反倒成了他們談戀愛的最大武器，因為它往往強烈的刺激了女性的母體本能，認為惟有她的幫助，他才能成器。<br />人們常說“女人心海底針”，有的女性憧憬具有決斷力、力量強勁的男性，但也有些女性卻喜歡保護無依無靠的男性，這種複雜的心態正成了乙日生男性的養分。","乙具有木的溫柔、敦厚，不論任何行業都能柔軟的適應。不過，最好從事協助性的工作，如主管不在時，代理主管輔佐事務，要比當主管領導部屬來得勝任。甲給人的印象是可依靠的高樹，而乙則是溫和柔弱的小草木，因此乙的人很重情趣，多從事繪畫、音樂等藝術工作，如果成為教師也多教導情趣方面的知識。<br />從木性的觀點來看，甲適合使用木材原料的行業，而乙則適合木材加工業，如紙漿業、制紙業、紙商，或加工植物纖維而成的衣料製造，販賣業。五穀雜糧、花卉、青果、果實等流通、販賣也在此範圍內。紙製品關係可擴大來考慮，如文具或畫籍、雜誌的出版、印刷業等都很好。<br />丙年的人最能表現乙的典型本性，由於他會傾盡自己的溫柔，為世人謀福利，所以很適合慈善事業，宗教或教育界，這種性格若進入企業界，也多半從事促進人類健康、福利的工作。","乙日生的人表面上雖有“開口談錢太俗氣”的氣概，但內心卻有惜金的一面。由於生性使然，對於別人的要求很難斷然拒絕，事後卻又懊悔不已，不論借人大錢、小錢都有這種傾向。","乙日生的人天生就是弱體質，但是就如難折斷的柳枝般，身體一旦遇上不良的狀況時，會知道臨機應變，不會過於勉強自己。因此，大病的危險反而出人意外的少，即使生病，自己也很有一套應付它，所以不會突然惡化。<br />肝臟和喉嚨易出毛病，扁桃腺炎也是一項弱點。"
"4","甲子","

有積極性的開拓精神,精力旺盛,重感情,剛直豪邁,勤勉隨和,但好自我顯示,直爽當中隱蔽著一點點的虛偽。

","[甲子][上等]甲木為棟樑之木，木主仁，坐下正印，為身高體健，慈祥愷悌，相貌俊秀。印為文書，身坐文書，主才學超群，有權柄。印又有生身助學之功，故主人記憶力強，學習成績優秀。","
多學少成，防止有始無終；心性暴躁，幼年多災。重拜父母，飲食保養；兄弟骨肉少靠，有子多刑。男人妻大，女人夫長；伶俐聰明賢能；受人尊重，社交風波多！
","
甲是木之兄,意指陽木,幾乎具有木的全部特徵,但因屬陽,個性稍倔強。<br />甲字似從“押”字而來,從字面看來仿佛是包含種子的植物,呈等待萌芽的狀態。<br />木是緊緊的在大地紮根,往上、下生長,特別是五行屬陽的甲木更具有強勁的生長力,建材用的參天大樹可比作這種木,因此,甲日生的人不但保有木的特徵,如仁德、柔和,而且還是氣勢猛銳不斷向上攀爬的自主者。偶而會有率性直情的短處,但因其具有深遠處的智慧,一般多是不愛說話,頭腦聰明的人。<br /><font color=""#0000ff"">甲子,位居六十干支的首位,因此,甲子日出生的人多是人上人,但因個性急躁,往往獨斷獨行,追求實質的利益,然而一旦急於營利時,卻只落得乾著急血本無歸的局面。</font>","這種類型男性的個性可謂心直口快，連愛情的表現也很保守，平淡。<br />由於不喜歡陰鬱的戀情，就算愛上某位女性，也不會患單相思，一旦被拋棄時也不會悶悶不樂，更不會對拋棄他的物件心存惡意。<br />甲日生的男性可以說對女性沒有強烈的執著心，他的愛在本質上就象神的愛，具有慈悲的心懷。這種人雖有點難以接近，但因根本上是個可依賴的人，所以有可能受年齡差距十分大的年輕女性所仰慕，遇上這種情形時，他應該不會報以冷笑的態度，而會回以溫柔的安慰。","甲日生的人個性溫、穩重，能精確的發揮指導力，適合管理、人事、總務等部署，由於甲是直立的樹木，意味筆直的向上成長，所以也可能獨創事業。“大樹之蔭能聚人”，由於常被人依靠，可往醫生、護士、老師、保姆、幼稚園老師等方向發展。<br />從被人依賴這點來看，也很躍於法律界或社會事業。此外，由於深謀遠慮，也常成為智囊團或技術顧問，因此指導升學、就業等導引人生方向的行業更是合適，甲的人有時開創自己的事業，多半成為企業家依賴的智囊。<br />當然從事與木有關的職業更暗示了會比其他行業來得成功，它們包括農林業、園藝、制材業、建築業。但甲和同屬木的乙不同之處在于他適合使用木的原料的行業，因此建材、建具等相關工作可以發揮才能。雖然皮毛與木沒有直接的關係，但因兩者都有“生長”的性質，所以也適合皮毛或皮革等相關行業。<br />戊年甲日生的人可以發揮甲的領導本領，一旦進入組織，自然會被推崇為領袖，儘管本人無意如此，也會朝領導階層推進。","甲日生的人不會因為金錢而左右人生的判斷，是個出手大方的人。木又有“仁”的意味，因此不會計較得失，對金錢採取恬淡的態度。即使為別人出錢，出力奔走協調，也不希求回報。<br />戊年甲日生的人在淡泊金錢的甲日人當中，最長於運用金錢，他不會刻意去儲錢，但在不知不覺中自然走上儲錢這條路。","甲日生的人非常勤奮，也擁有自力更生的能力，所以很容易勉強自己。一般時候即使感覺疲勞，也不肯休息，硬忍耐撐著工作，因此一旦倒了下去，會病得不可收拾。<br />甲的人特別有黃膽等肝臟疾病的暗示，請注意積勞會成疾，由於腦也會亮紅燈，所以應乾脆的放鬆精神，找出時間喘口氣。"
"5","乙丑","

個性沉著,警戒心強,表面現象不願與人爭執,溫柔含蓄,但感情脆弱。隨風轉舵,看人說話。

","[乙丑][中等]六秀日，主人秀氣漂亮，身坐金庫，無根，坐下七殺無制，自信心太過，往往一意孤行。女名乙丑，具有男性風格。","
慷慨大方，喜愛春風，多學少成，幼年現災，父母重拜；九流中人，夫妻無刑，兒女不孤，六親少靠；女人賢良純和，但求財心切，需體恤家庭。
","
乙同屬木性,與木之兄的陽木相對,有木之弟的陰性氣質。木所具有溫和、安靜特性較常在乙身上出現。<br />乙源自軋,意指互相傾軋或互相摩擦,春季時,萬物會自皮中掙出逐漸成長。<br />若以天文現象而言,甲是一閃而過的雷電,而乙則是吹拂樹尖的風。性格上而言,甲是樹木,而乙則是攀沿樹木的葛藤。也就是說甲會直往上伸展,而乙則是柔軟、彎曲身體的蜿蜒而上。<br />由於乙的性格溫和,因此多半不是自我主張過強的人,就算問題發生時,也多採取靜觀事變的態度,進而尋求合理的解決方法。但因過於重視人和,往往成了好好先生,易受四周環境所影響。<br /><font color=""#0000ff"">乙丑日出生的人的運勢就像森林中照不到陽光的樹木,喜好保守的生存方式,能忠實的固守既有的事物,不喜開創新工作。</font>","這種類型的男性太過溫柔，就連向對方傳達自己的感情時，也不採取直接的手段，反而拼命的思考不著痕跡的方法，有道是皇帝不急太監急，他的周圍友人都替他焦慮不安，希望他能勇敢地表白。<br />由於欠缺決斷力，常會擔心自己的舉動可能造成對方的麻煩，因此就算贈送禮物給心愛的對象，事後被問起時多半會佯裝不知。<br />如此一來，女性可能會認為乙日男性不可靠，然而就是這種不可靠反倒成了他們談戀愛的最大武器，因為它往往強烈的刺激了女性的母體本能，認為惟有她的幫助，他才能成器。<br />人們常說“女人心海底針”，有的女性憧憬具有決斷力、力量強勁的男性，但也有些女性卻喜歡保護無依無靠的男性，這種複雜的心態正成了乙日生男性的養分。","乙具有木的溫柔、敦厚，不論任何行業都能柔軟的適應。不過，最好從事協助性的工作，如主管不在時，代理主管輔佐事務，要比當主管領導部屬來得勝任。甲給人的印象是可依靠的高樹，而乙則是溫和柔弱的小草木，因此乙的人很重情趣，多從事繪畫、音樂等藝術工作，如果成為教師也多教導情趣方面的知識。<br />從木性的觀點來看，甲適合使用木材原料的行業，而乙則適合木材加工業，如紙漿業、制紙業、紙商，或加工植物纖維而成的衣料製造，販賣業。五穀雜糧、花卉、青果、果實等流通、販賣也在此範圍內。紙製品關係可擴大來考慮，如文具或畫籍、雜誌的出版、印刷業等都很好。<br />丙年的人最能表現乙的典型本性，由於他會傾盡自己的溫柔，為世人謀福利，所以很適合慈善事業，宗教或教育界，這種性格若進入企業界，也多半從事促進人類健康、福利的工作。","乙日生的人表面上雖有“開口談錢太俗氣”的氣概，但內心卻有惜金的一面。由於生性使然，對於別人的要求很難斷然拒絕，事後卻又懊悔不已，不論借人大錢、小錢都有這種傾向。","乙日生的人天生就是弱體質，但是就如難折斷的柳枝般，身體一旦遇上不良的狀況時，會知道臨機應變，不會過於勉強自己。因此，大病的危險反而出人意外的少，即使生病，自己也很有一套應付它，所以不會突然惡化。<br />肝臟和喉嚨易出毛病，扁桃腺炎也是一項弱點。"
"6","丙寅","

熱情豪爽,自信好勝,善言健談,欠缺沉著,但情緒不穩,衝動易怒,缺乏仔細、認真。

","[丙寅][中等]丙為太陽，身坐長生，有光彩之象，主人聰明，但坐下梟神奪食，不吉。生於冬至後夏至前，戊土長生於寅，食神旺，主人聰明，吉；生於夏至後冬至前，戊土長生在申，食神弱，稍差。","
多學少成，心性不定；口快舌硬，身閒心直，手足不停，利官近貴，女人賢良，聰明伶俐，辛勤收穫！
","
丙是威勢猛烈的陽之火,熊熊的燃燒能令鐵為之熔化。因此,丙日出生的人精力充沛,猛勢所至之處可得權威與名聲,會傾出所有的熱情追求自己的理想。<br />光明正大的丙有不能隱瞞事物的短處,因而有時會聒噪的訴說或傾吐自己的心事。<br />丙的性格就像火一樣,瞬間燃燒又倏地消滅,此外,由於自認才智過人,多半成懶惰者,總想自己擁有滿腔的熱情就已足夠,毋須認真努力。<br /><font color=""#0000ff"">丙寅日出生的人就像太陽般爽快、明朗,然而它有時卻成了和周圍的人起磨擦的原因,請嘗試著控制自己的性格。</font>","丙日生的人都是熱情的戀人，一旦喜歡某個人，會毫不猶豫地積極追求，而這種果敢正是這型人的利器。初次會面，只要判斷是“自己喜歡的類型”，一般就會省略寫信或打電話等磨蹭的手續，直接向對方提出邀約。<br />這種類型的男人多戀情，有妻妾同居的熱情傾向，擁有超越常識範圍的開放戀愛觀，他能在同時期和各種不同類型的女性大談各種不同的戀愛，其技巧之高堪稱行家。<br />說他能幹是好聽的話，事實上難以控制逾越正是火的性質，一旦“談戀愛”的傾向增強，雖然不甚有興趣，但仍會追求別人的女友，或勾引上司的太太以致出現危險的局面。由於到處亂播火種，又不留意是否會被灼傷，最後終會導致以愛為主的局面。","這種人就象熊熊燃燒的烈火，天生擁有很好的說服力。丙性質的人最適合從事推銷員工作，只要抓住機會，就會猛烈地發揮優秀的口才說服他人成功。依此看來，丙很適合律師、教育家或宗教家等職業。遇上這種人，就連閉得再緊的貝殼，被如此熱情的猛火一烘，也會在不知不覺中打開蓋子。此外，需要耀眼才華的藝術家或藝人也是丙日生的人的特長，他們都有天才性的發展，如日本歌星美空雲雀在少女時代就已登上歌謠界的女王寶座，日本漫畫高手手塚治蟲也是此型的明例。<br />由火的暗示來看，使用火的烹飪工作非常合適，飲食事業雖與水相關，但很多火的人也活躍在這個業界中，高熱燒土的陶藝家也是合適的工作方向，處理鍋爐與內燃機的工作與火性質相合。<br />火又有能源的意味，所以瓦斯、石油、煤炭等業界，或電力相關事業都很可行。此外，電器或光學事業也含火性，是丙適合從事的職業。就熱情的個性而言，運動員可盡情發揮，尤其是丁年的人生來就有競爭性更是完美的選擇。","丙日生的人天生熱情洋溢、行動奔放，所以身上很難放著錢不用，這種類型的人認為錢是給人用的，賺得多用的更凶，在百貨公司看中的裝飾品，會毫不猶豫的買回家。不過這種情形反而對丙有利，如果勉強儲蓄，致使自由自在的行動受阻，氣勢削弱，易生危險。<br />崇尚自然的丙若能發揮自由的特性，自力更生以應付開銷，才是最理想的生活方式，一旦惜物後，會喪失“火之兄”的特性，光華盡失。<br />丙日的人要想維持無虞的生活，最好始終讓身邊充滿華麗的氣氛，萬一生來小氣，欠缺和人交際則此星的光輝消失，最後窮神將找上門來，自由的金錢觀才能支持丙活力充沛地享受人生。","丙日生的人太過放縱自己，根本不會有所保留，因此這種類型的人壞自己身體的大有人在。就象連續的徹夜工作、酗酒等超出極限之外的事，導致身體報銷。<br />丙日生的人容易罹患的疾病有心臟病、眼病、胃腸病、肺病、神經痛、婦科病等。特別是壬年出生的人，由於生命之火正面被水澆下，所以恐有重疾。此外，戊年生的人平常的身體某處會被疾病侵蝕，須多留意。"
"7","丁卯","

敦厚樸實,重信守義,但任性逞強,防止受騙,有時缺乏耐力,辦事易半途而廢。專勁不夠。

","[丁卯][中等]坐印通根，主人聰明有學問。若四柱出現亥卯未三合局或寅卯辰三會局，為大貴人，但身坐[偏印，只能為副職，輔佐他人。","
手足不停，身心不閑，內外有勞，衣祿不少，性巧聰明，做事有頭少尾，男人福份之命，女人企圖寧靜，操勞中有幸而獲，防不知足？
","
丁字在字典中僅次於一,排在第二位,擁有特異的地位。史記、律書中記載“丁者,言萬物之丁壯也”。它就像樹頂上枝葉茂盛的狀態。<br />古時到達徵兵年齡的人稱作壯丁,也有丁年的說法,意指男子成丁之年(二十歲),漢書、嚴安傅中載有“丁男被甲,丁女轉輪,苦不聊生”,丁女也指成年的女子。這種旺盛的力量也是來自火性。<br />丙丁雖同屬火,但丙像太陽,而丁則像夜空中閃爍的星星,或者可說火之兄是熔爐中卷成漩渦的火花,而火之弟則是祭壇上的燭火。因此丁的性格是屬乾脆、內藏熱情型。頭腦轉的快,極富進取精神,是個幾近狡猾很會鑽營的人。然而丁的人偶而會無法克制內在的激烈與表面的溫和所引起的衝突。由於長久被他人評定為“溫和的人”,自己也儘量扮演這個角色,但某個時候會突然暴露自己的衝動。<br /><font color=""#0000ff"">丁卯日生的人因不擅長處理利害關係,所以常在不知不覺中傷害別人。自己不但在精神上容易沮喪,就連身體也不很強健。運勢當然也不強。</font>","這種類型的男性會使戀情持久，他不象丙以瞬間的爆發力來決定戀愛的勝負，一旦他對某一個女性萌生戀情，就會像炭火般，自內心持續熱力，火苗很難消失，他的戀情也不是以肉欲為起點，而是著重于和對方心靈相通的喜悅，就算是個短短的約會，如果能眉目傳情即以心滿意足。<br />丁日生的男性相信一種神秘的緣份，十分重視彼此的邂逅，象在無意中進入的咖啡廳中巧遇女服務生，他也會有命中註定的感覺，此外會深受占星術書中的暗示所影響，這些特徵都與動物性的本能相結合。","丁字有“燭燈”的暗示，燭火搖搖曳曳，雖然火光不大，卻都是由內心發出，因此這類人多選擇宗教、信仰等職業，進而在婚喪喜慶或福利事業界活躍，即使自己的職業與福利無關，也會花很多時間從事義工活動。<br />火屬藝術或學術文化的性質，因此丁的人很自然的會朝音樂、繪畫、書法、花道、茶道等方向發展，如果廣義的詮譯藝術活動，電影界也可包括在內，世界級導演黑澤明就能把這種特性發揚光大，此外，丁的人也可考慮樂器、唱片、玩具、模型、玩偶等與趣味娛樂用品相關的事業。<br />火的人擅長藝術或娛樂事業，但丙多是活躍于表面的藝人，而丁則適合從事幕後工作，如成為經紀人或製作人，尤其以庚年生的人最適合當協助性的經紀人，因他不會被對方或工作引入歧途，而能冷靜的處理事務。","丁的人擁有一顆超越金錢的心，由於不善計較得失，反而會因金錢之事傷害周圍的人。他人認為十分龐大的金額，在丁的人眼中根本不當回事，就算向人借來暫用，也會因忘記歸還而造成他人的困擾。<br />不過也有完全相反的例外出現，他們會對金錢十分執著，由於丁天性淡泊金錢，所以儘管執著，也還算不上是個吝嗇鬼。但他們往往以“金錢不是萬能”為理由，善於計算到了接近失禮的地步。","丁日生的人雖沒有旺盛的生命，但因擁有穩重的長處，會自己照料生活，所以反而多是健康的人。這型人擅長於擊退輕症小病，有心臟病的暗示，特別是狹心症或心臟瓣膜症。此外，也須注意肺炎、肋膜炎。"
"8","戊辰","

有積極性,幹一行易於對事物熱衷,但性急,任性而逞強。好勝,欲望高,不滿足感強烈,個別時候小氣。

","[戊辰][上等]通根身旺，坐財官比肩，但支中比肩財星化火為印，變成官印相生，故主高貴。支內戊癸化火生土，而辰本為濕土，內中有火，溫暖中和，能生萬物，必然根深葉茂，秀氣有成。","
喜氣春風，利官近貴，骨肉刑傷，兒女不孤，女人溫良賢達，有口無心，烏鴉嘴豆腐心，主招好夫，防止誤會！
","
戊是陽之土,母之大地的土,也可以說是河川邊堅固堤防之土,或為車道上幹硬的黃土,支撐巨木或森林,阻擋水的奔流,守護人為的通行是它的功用。<br />戊日生的人因此很守信義,重視節操,具有偉人的風格。然而其反面則因是暴露在人前的陽性土,雖然粉飾外觀,但內在卻粗野暴躁,欠缺思慮。<br /><font color=""#0000ff"">戊辰日生的人由於氣勢,表面上看來有自信過剩的樣子,為了打腫臉充胖子,會承擔自己無法辦到的事,因而可能常和他人賭氣衝突。</font>","這型男性對戀愛表現了極大的包容力，不但不會去拘束對方的行動，而且採取悠閒無為的態度，雖然和對方交往了一段時日，卻從不想去確定她是否真的對他有意。<br />戊日生的男性很大而化之，他們多半不會費神去記女友的生日，就算贈送禮物也已很遲鈍送出，常令對方焦躁不安，但他們並非真心如此，而是天生不伶俐。<br />這類男性大都採取被動的戀愛方式，甚少主動求愛，然而有些女性偏對這種悠閒自得的態度著迷不已，所以他常有機會遇到女性的追求。有時甚至會同時受兩位女性的倒追，不過因其本性使然，總能不慌不忙的選擇。由於這型人不修邊幅也有人愛，所以很少修飾門面。","戊的人天生就有安全、信用、信賴的優點，所以不論在任何行業，大都身居要位，穩固基礎，承受工作重壓力就是這種人的職業性向。進入信用第一的銀行、保險、證券業也是戊的特徵，由於戊的人對金錢不會起野心，再加上細心的理財能力，所以錢可以放心的託付給他，他決不會亂運用金錢去從事利滾利等危險的行當。因此，戊的人理所當然的在公司中擔任經理或資金運用的相關職務，特別是其穩重的特性，往往能成功的長期經營事業，有許多戊的人成了政治家、事業家等大人物。戊屬土性，因此與土有關的事業都適合，如農林業、土木建築業、石材等。<br />若與土木有關的事業最好盡可能的大規模從事，越大就會越發。<br />土又有藏之意，所以倉庫業也很合適。壬年生的人特別適合掌管金融財政，多半擔任企業中的經理重任。","土有通藏的意味，所以戊日生的人在財產上大都有相當的儲蓄，此外土又指不動產，因此頗受財運之惠。這型人多半繼承大片的土地，有長期安定的利息，不需四處奔忙操勞，自然會有十分豐裕的增值。因此，他們大都出身富裕然而事實上卻多屬不會活用財產的人。<br />由於受置不管就會增值的不動產之惠，所以戊的人也很少去考慮如何賺更多的錢，人們常說“富不過三代”，還是不要坐享其成較好。","戊日生的人看似心寬體胖，與疾病無緣的模樣，事實上他的大腹中積存了疾病的種子。戊五行屬中，戊要注意腹部的緣故。因此，首要留意的是胃腸病、胃癌等病。此外，也有膝下疾病或狐臭的暗示。"
"9","己巳","

和緩,謹慎,心靈手巧,但疑慮多,欠果斷。容易因情耗財,防止被人牽著走。

","[己巳][中等]金神，主人剛毅、聰明，有火則貴，卻火則不吉。坐下正印、劫財、傷官，傷官佩印，貴不可言，但傷官遇劫，易遭小人陷害。","
聰明才智，手足伶俐，小有功名，做事如意；夫妻和睦相處，諸事可為；女人衣食住行不缺，善良待人；男人多出風頭，小有計謀，資性英敏，福厚之命。
","
己字與紀有關,意指在繁絲中理出的頭緒,或是枝葉茂密中頭角崢嶸的一枝獨秀。因此,己給人的感覺是事物的軸心,或擔任引爆劑般的中心角色。<br />此外,己又有自己、克己等說法,可見己就是指自己本身,這和土在五行中居中心位置有關,由於陽土的戊過於強調自我主張,因此己也愛表現自己。<br />己是陰土,意指被森林覆蓋、隱藏或被農作物遮擋而看不見的地面,這些土壤可說都是用來培養植物的軟土。因此,己日生的人都具有殷實農夫般的木納及溫和的品格,然而既是隱藏的土,則多半視野狹窄,頗受猜疑,如果猜疑過度會變成孤僻的人。<br /><font color=""#0000ff"">己巳日出生的人初看木納柔和,事實上卻氣勢強硬,特別是在人際關係上容易起衝突,應該努力克制自己。</font>","己日生的男性非常木訥，不擅長主動追求女性。對於機靈的安排約會，利用男性氣概吸引女性關心等技巧一概一竅不通，反映出耿直的戀情。不過這種性質反而激起女性的母性本能，因而意外的多有豔遇機會，這種類型的男性常有現成的飯菜可吃，因為許多女性會到他們的單身公寓打掃、做飯。就連當推銷員時，訥訥拙言型的人一般都比話說得天花亂墜型的人績效好，這種較為人接受的老實性格，使他們情場或商場都能創下佳績。不過，庚年出生的人卻有主動積極追求的傾向。","認真、正直、孜孜不倦地鑽研一件事物是己的特性，可謂無人能出其右，就算每日重複做相同的工作也不會厭倦。一般的職務大都可以勝任，但最好從事能活用某種特定技術或機械性原理的工作。此外，因具有無名英雄的潛能，所以打字員、語言促進師、總機等專門性工作也合適。<br />研究所的技師、研究員等腳踏實地地貢獻成果的職務很適合己的人。也有些人在傳統工藝界發展，圍棋名將林海鋒就具有己的特性。<br />如前所述，戊對土木或不動產很在行，而己則活躍於土的加工行業，如陶瓷器業、煉瓦業、耐火材料等，它們都與窯業有關，因此玻璃業也含在其中。與地下相關的職業也可列入考慮，如地鐵事業、大廈管理員、停車場管理員。壬年生的人相當理智，由於他能聚精會神地勤勉工作，因此得以發揮己所具備的老實，沒有人比他更適合擔任金庫守衛，非常值得信賴。","儘管同屬土性，戊的人較傾向花錢；而己則會專心一意地存錢。這種類型的人既不想花大錢，也不想用小錢，很擅長節衣縮食過生活。一旦有人向己借錢，他會很巧妙地拒絕，貫徹實行金錢第一的信念。<br />己的人對金錢的感覺非常出類拔萃，很長於運用資產，其能力不輸銀行的職員。他們很喜愛購買有獎證券等，情願存錢也不把錢花在無謂的遊玩上。由於扎實的儲蓄，賺取滾雪球式的利息，將可過個安穩的老年生活。","己日生的人看起來動作遲鈍，或氣色很差，談不上健康的模樣，但他卻有很好的抵抗力，對抗病魔也有韌性。己的共通疾病是腸的問題。腸膜炎、腸癌等是最需要注意的疾病。此外，可能也有蛔蟲的煩惱。其他尚有肝臟病、神經痛等暗示。"
"10","庚午","

積極進取,勇敢果決,自尊心強,有才能,善於結交各方面朋友,平衡、穩重,但過於操勞,防止被別人耍花樣、弄權術而迷惑受騙受害。

","[庚午][上等]身坐正官正印，氣質清純，必主官貴，但金坐火地，須經火煉，千錘百煉，所以仕途坎坷，有大起，也有大落。","
口快心直，利官近貴，小有殊榮，衣祿豐盈。男人權柄，辛勤持家，外面固執，有人欽佩；女人秀氣，約顯美感，榮夫益子，鄰里欽佩。
","
庚是陽之金,意指藏在地中含有豐富金屬的礦石,庚的人因此擁有如礦石般的剛直性格,此外經過鍛煉,打鐵成鋼可製成刃的鋒利快刀就是庚的特性,不過就像剃刀一樣,雖然鋒利卻稍嫌單薄。或許因為如此,庚日生的人在人品上有其保守的一面,然而不可思義的是世人卻給他超越實力的高評價。不過,庚的人熟知自己的缺點,為了配合世人的評價異常努力,所以實像和虛像之間並無很大的差距。<br />庚的人在無意識中不斷地鍛煉自己可能是與生俱有的宿命使然吧!<br /><font color=""#0000ff"">庚午日生的人易於和人親和也易於分離,永遠不會只待在一個地方,然因運勢平穩,這種性格不會招致災禍。</font>","庚日生的男性有十足的男性氣概，外形大都屬肌肉型硬漢（也有例外），性格則硬如鋼鐵，從抽煙的方式、步行的方式，以至飲酒的方式，無一不充滿“冷漠男子”的氣質，非常性感，因此，身邊始終有不少仰慕者，甩都甩不掉。<br />庚日生的男性就算外型上不是肌肉型男子，他們的內心大概也都真率，可以說一根腸子通到底，所以不喜歡細水長流式愛情是他們的特徵之一。<br />這種類型的男性的內心還藏了另一個特色，那就是一旦對方舉止太過親密時，他會立刻甩掉她。如果激怒了他，他才不管是否美如天仙，照樣抱以老拳。","庚日生的人反應靈敏，頭腦敏銳，特別適合從事員警、檢察官或與防衛相關的工作。從警戒完備這點來看，很容易令人聯想到保鏢。日本影視界有名的男演員丹哲郎和渡哲也都是庚日生的人，而他們所扮演的刑警或保鏢角色使他們多年來一直深受影迷喜愛。<br />由此看來，庚的人適合在官場，技術方面或金屬工業界等特別堅實的行業中從事工作。庚屬金性，因此可考慮以鋼鐵業為首的金屬、造船、車輛、動力機械、電機等事業。就算不在上述關係的公司工作，也可適當的轉職，例如原本在木材關係的職位，一旦調往鋼鐵部門，會開始有異於往常的活動。從金屬的意味而言，刃物也包括在內，所以庚也適合從事外科醫生或齒科醫生等職業。<br />甲年庚日生的人易成領導，會是個嚴厲的上司，就算當老闆，也不是個溫情主義的老闆，一切會以軍事化的方式統領。","庚雖屬金性，卻不愛死存錢，性格耿直，重視義氣，就算傾囊付出，也要幫助他人，不為錢拘束。假設自己手頭不便，也會向別處借錢以救人急。因此，與財運緣淺，如果自己不留意，根本不會擁有大量的金錢。不過這就是庚日生的人的特徵，一旦壓抑它，恐會失去性格上的一大優點，只要稍稍收斂一些過於勉強的交際應酬就無大礙。<br />庚日生的人當中要屬已年的人最幸運因已有財產的意味。丙年生的人不太會分好壞，火性不擅長儲錢，所以沒有財力。此外，經過實際的調查，發現辛年的人大多是“吃、喝、賭、買”遊戲人間的人。","庚日生的人，由於“金”是主管肺臟、四肢、鼻、骨，一旦健康受損，立刻障凝四起，除了有腸膜炎、腸結核等暗示外，還有肺炎、風濕症等須要提防。"
"11","辛未","

沉著坦直無私,待人接物,認真細緻,腳踏實地,但溫柔敦厚而寓涵固執,有些自信,勞碌奔波歡快。

","[辛未][中等]得庫通根，身旺，坐下偏財、偏印、七殺，一片順生，主小貴，吉。女命辛未愛情專一，奪夫權，守家，獨裁。","
生有志氣，心性寬容仁義，少年災病；中年約好，頭胎見女更吉，生男有刑克；夫妻和睦相處事業順利；女人持家方興旺，男人顧家  多利業！
","
辛是陰之金,因此它比庚更能表現金的嚴厲。辛原是指罪人,由於它在秋決時又代表了斬人的刃物,所以給人狠毒的感受。<br />庚就像鐵礦石般原始,但辛卻象徵經過琢磨,精製的貴重金屬或珠玉,呈人工加工的狀態。若和鐵礦石相比較,辛較溫和;就連同樣提倡正義,公理的金的性格而言,辛也給人較平穩,聰明的感覺,以這種嚴厲、溫和相對立的兩個要素為根底的辛,應可看出自己頗亂的兆頭,那就是破壞、改革的暗示。<br />庚通更、辛通新,經過後來的整理,可發現辛本年的事變特別多。此外,辛年出生的人除了私人性的世事變化無常外,也象徵扮演改革時代的角色。<br />辛日生的人可比喻作沙金,僅管外表柔弱,內在卻暗含堅硬,很擅長帶刺的嘲諷,多是毒舌家。由於陰氣之故,易造成偏頗的個性,但偶而也會採取斷然的行動,一旦這種行動力表現得過強時,會成為“齊迫”型的人物。<br /><font color=""#0000ff"">辛未日生的人多有外觀和內在相反的傾向,有的是看似保守卻充滿動力,也有的是看似行動派卻畏縮多慮。</font>","這種類型的男性頗陰鬱，就算自己喜歡的女性出現，他也不肯表白自己心意的傾向很強烈。由於他不會沉溺於愛中，所以在談戀愛時，會優先考慮“愛會使我向上嗎？”或“愛情與人生的目標有何關係？”等理論。因此，他十分受喜歡窮根究理的女性吸引，特別是傾心於堅持自我主張的職業女性。<br />這種男性根本上否定母性，強調自我存在的意義，本能上對愛不置評價，面對戀人時也是以清醒的眼光去觀察。<br />偶而他會以完全陌生的第三者般的態度，去對待交往已久的戀人，甚至出口諷刺人，使對方懷疑他是否真心而冷卻感情。不過，辛日生的男性決不會忘記對方的生日，當天一定致贈禮物，以表示自己一絲不苟。","辛和庚一樣具有金的敏銳特質，不過辛屬陰，因此它的敏銳較有粘著力。若要發揮這種特性，可考慮教育界、編輯界或文藝界。庚暗示鐵或重工業，而辛則意味精密機械、化學機械、計算機械、光學機械等輕、細工業，此外，鋁等輕金屬或非鐵金屬業也很適合辛的性格。<br />辛的人應往金屬加工溶接、電鍍、金屬雜貨的製造、貴重金屬裝飾等業界發展，非常容易發揮所長。雖然辛給人硬物的印象，但丙年出生的人卻有柔軟的一面，就算當員警，也多半是牽老年人過馬路或給兒童們觀賞交通安全卡通漫畫的女警。","辛與庚同屬金性，所以也重視正義，讓義理，不過，庚太過正直，辛就比較能夠融通。他和不善錢的庚不同，很有些小技巧營利。像在不動產方面就很能發揮所長。便如分租公寓，或在小小的空地上能自動販賣機，頗能掌握要領，有受金錢之惠的暗示。自己若不直接經營生意，也會借錢給他人賺取利息，頭腦非常靈活。<br />戊年生的人有“土中金”之意，應該會儲蓄，不過土中金就如庭院中出現鯊魚一樣，未必是不可能實現的夢。這種類型的人有可能在前代先人的收藏中，發現價值連城的古畫。","辛日生的人給人的印象是精幹瘦削，欠缺體力，談不上是非常健康，但比起戊或己的人卻要好得很多。"
"12","壬申","

心胸寬廣,機智靈敏,喜歡照顧他人,聰明,有官運,或者駕馭他人,但是為人操勞,衝動易怒。

","[壬申][下等]身坐長生，太旺，主人好動不拘。納音劍鋒金，男命敢於拼打爭鬥，不善終。女命重武好鬥，具男性風格。","
性巧聰明，才智少顯？？計謀多變，誠信待人接物功名有份；有賢妻子，為人英敏，受人喜歡；女人美麗，博得人助！？階段富貴，榮華自珍！福氣子孫。
","
壬是陽之水,有滔滔大江之勢,得天獨厚的雄才大略使壬的人能毫無顧慮地橫掃世間。巧妙處理人際關係的能力無人出其右,在營業或外交場上得意自是理所當然。由於反應靈敏一拍就響,所以很快的就跟上對方的步調。<br /><font color=""#0000ff"">壬申日生的人順流前進勢如破竹,對任何事都想嘗試,極具積極性,然而有時卻會被誤解為輕率。由於天生的運勢極強,若能加上刹車,勿沖過猛就非常好了。</font>","這種類型的男性有知性的魅力，稍帶憂鬱的氣質很受異性的歡迎。凡是追求他的女性，他一概來者不拒，一個星期可能和七個人約會。此外，因他具有果敢的行動力，所以也常會主動邀約他人。<br />壬日男性很擅長“一夜風流”，從吃飯、飲酒到飯店這一個過程視以知性的背景，製造了絕妙的氣氛，使他們無往不利。由於自由的戀愛觀，使他們甚少有從一女性而終的心態。","壬日生的擁有水流的快速與智慧，壬的職業運就潛在這性質當中，由於智慧的凝聚，因此壬的人適往需要豐富點子或創造力的企劃、文案部門發展。再加上他能機敏的判斷狀況，在一瞬間取得靈感，所以設計師或文案撰稿員等職業是非壬莫屬，而企劃部或宣傳部更是需要他的頭腦。<br />這種類型的人也很擅長教育、文化、藝術等方面，能夠發揮獨一無二的創造力。特別是壬全身洋溢著智慧，若當學者或研究者必能提供一流的成果，他們多半不會關在研究室中默默發表成績，而是活躍於與輿論傳播界，傾向于領導某種團體理論。在公司或組織中壬多從事研究部門。水也象徵流通，因此壬的人也有因為利用這個特性而成功的開創事業的例子。<br />壬有大河的暗示，所以水利或水方面的職業也很適合。壬年生的人最能發揮壬日生的本能，雖然運勢過強恐會脫軌，但因其一身本領的優點超群，因此在任何行業都能如魚得水的活躍。","壬的本質是如流水般運用、流通金錢。因此壬日生的人擅長於活用資金，錢上滾錢。由於這種類型的人能在腦中迅速盤算錢的去路，確知多少年後能有多大的財產，所以尚無人比他更正確地培育金錢。<br />壬日生的人有數字概念，頭腦轉的快，點子又多，單單運用利息，恐怕無法獲得滿足。因此這型人常在流動快速的股票市場上決勝負。不過，點子不一定都能奏效，所以壬的人若不注意，將會過度相信自己的腦袋而招致失敗。一心想站在時代的前端，而大量投資開創事業，終致基礎崩潰，最後落得一無所有是壬常見的現象。<br />戊年壬日生的人雖然沒有靈敏的金錢感覺，但只要不奢侈，大都衣食無慮。","水是知性的代名詞，因此壬日出生的人平日就對健康管理十分注意。不過，自古以來水和性就有很深切的關係，所以要對該方面非常警戒。"
"13","甲戍","

有積極性的開拓精神,精力旺盛,重感情,剛直豪邁,勤勉隨和,但好自我顯示,直爽當中隱蔽著一點點的虛偽。

","[甲戌][中等]得庫通根身旺，坐下偏財正官、傷官，主人剛強正直，光明正大，為官清廉，但性格過於直爽得罪人，難免受到打擊、排擠。","
口快舌伶，身閒心不空，少年貧民，中年奔波，約有權職，心機謀略，多學少成，小有名聲；晚景福祿延年，自珍自愛益壽；助人惹怨，妒忌常伴而來。女人旺夫，勤儉興家。
","
甲是木之兄,意指陽木,幾乎具有木的全部特徵,但因屬陽,個性稍倔強。<br />甲字似從“押”字而來,從字面看來仿佛是包含種子的植物,呈等待萌芽的狀態。<br />木是緊緊的在大地紮根,往上、下生長,特別是五行屬陽的甲木更具有強勁的生長力,建材用的參天大樹可比作這種木,因此,甲日生的人不但保有木的特徵,如仁德、柔和,而且還是氣勢猛銳不斷向上攀爬的自主者。偶而會有率性直情的短處,但因其具有深遠處的智慧,一般多是不愛說話,頭腦聰明的人。<br /><font color=""#0000ff"">甲戌日出生的人對人溫和有禮,運勢也是平穩的推進。由於不喜歡激烈的衝突,所以也甚少為他人的強硬態度所迫。</font>","這種類型男性的個性可謂心直口快，連愛情的表現也很保守，平淡。<br />由於不喜歡陰鬱的戀情，就算愛上某位女性，也不會患單相思，一旦被拋棄時也不會悶悶不樂，更不會對拋棄他的物件心存惡意。<br />甲日生的男性可以說對女性沒有強烈的執著心，他的愛在本質上就象神的愛，具有慈悲的心懷。這種人雖有點難以接近，但因根本上是個可依賴的人，所以有可能受年齡差距十分大的年輕女性所仰慕，遇上這種情形時，他應該不會報以冷笑的態度，而會回以溫柔的安慰。","甲日生的人個性溫、穩重，能精確的發揮指導力，適合管理、人事、總務等部署，由於甲是直立的樹木，意味筆直的向上成長，所以也可能獨創事業。“大樹之蔭能聚人”，由於常被人依靠，可往醫生、護士、老師、保姆、幼稚園老師等方向發展。<br />從被人依賴這點來看，也很躍於法律界或社會事業。此外，由於深謀遠慮，也常成為智囊團或技術顧問，因此指導升學、就業等導引人生方向的行業更是合適，甲的人有時開創自己的事業，多半成為企業家依賴的智囊。<br />當然從事與木有關的職業更暗示了會比其他行業來得成功，它們包括農林業、園藝、制材業、建築業。但甲和同屬木的乙不同之處在于他適合使用木的原料的行業，因此建材、建具等相關工作可以發揮才能。雖然皮毛與木沒有直接的關係，但因兩者都有“生長”的性質，所以也適合皮毛或皮革等相關行業。<br />戊年甲日生的人可以發揮甲的領導本領，一旦進入組織，自然會被推崇為領袖，儘管本人無意如此，也會朝領導階層推進。","甲日生的人不會因為金錢而左右人生的判斷，是個出手大方的人。木又有“仁”的意味，因此不會計較得失，對金錢採取恬淡的態度。即使為別人出錢，出力奔走協調，也不希求回報。<br />戊年甲日生的人在淡泊金錢的甲日人當中，最長於運用金錢，他不會刻意去儲錢，但在不知不覺中自然走上儲錢這條路。","甲日生的人非常勤奮，也擁有自力更生的能力，所以很容易勉強自己。一般時候即使感覺疲勞，也不肯休息，硬忍耐撐著工作，因此一旦倒了下去，會病得不可收拾。<br />甲的人特別有黃膽等肝臟疾病的暗示，請注意積勞會成疾，由於腦也會亮紅燈，所以應乾脆的放鬆精神，找出時間喘口氣。"
"14","乙亥","

個性沉著,警戒心強,表面現象不願與人爭執,溫柔含蓄,但感情脆弱。隨風轉舵,看人說話。

","[乙亥][中等]雖處死地，卻坐下為正印劫財幫身，故有枯木逢春之象。男命乙亥主得賢妻；女命乙亥主得貴夫，而且對夫忠誠。另外，女命乙亥非常漂亮。","
為人和順，幼年多災，父母有刑，誠實待人接物，出來稍好；女人夫好、和睦相處、偕老，存心中正，中年財旺，防勞致病；婚遲子晚，子女防克，重拜義母，嚴教成才。
","
乙同屬木性,與木之兄的陽木相對,有木之弟的陰性氣質。木所具有溫和、安靜特性較常在乙身上出現。<br />乙源自軋,意指互相傾軋或互相摩擦,春季時,萬物會自皮中掙出逐漸成長。<br />若以天文現象而言,甲是一閃而過的雷電,而乙則是吹拂樹尖的風。性格上而言,甲是樹木,而乙則是攀沿樹木的葛藤。也就是說甲會直往上伸展,而乙則是柔軟、彎曲身體的蜿蜒而上。<br />由於乙的性格溫和,因此多半不是自我主張過強的人,就算問題發生時,也多採取靜觀事變的態度,進而尋求合理的解決方法。但因過於重視人和,往往成了好好先生,易受四周環境所影響。<br /><font color=""#0000ff"">乙亥日出生的人穩靜、理性,但因過於自尋煩惱,有時會錯失機會。</font>","這種類型的男性太過溫柔，就連向對方傳達自己的感情時，也不採取直接的手段，反而拼命的思考不著痕跡的方法，有道是皇帝不急太監急，他的周圍友人都替他焦慮不安，希望他能勇敢地表白。<br />由於欠缺決斷力，常會擔心自己的舉動可能造成對方的麻煩，因此就算贈送禮物給心愛的對象，事後被問起時多半會佯裝不知。<br />如此一來，女性可能會認為乙日男性不可靠，然而就是這種不可靠反倒成了他們談戀愛的最大武器，因為它往往強烈的刺激了女性的母體本能，認為惟有她的幫助，他才能成器。<br />人們常說“女人心海底針”，有的女性憧憬具有決斷力、力量強勁的男性，但也有些女性卻喜歡保護無依無靠的男性，這種複雜的心態正成了乙日生男性的養分。","乙具有木的溫柔、敦厚，不論任何行業都能柔軟的適應。不過，最好從事協助性的工作，如主管不在時，代理主管輔佐事務，要比當主管領導部屬來得勝任。甲給人的印象是可依靠的高樹，而乙則是溫和柔弱的小草木，因此乙的人很重情趣，多從事繪畫、音樂等藝術工作，如果成為教師也多教導情趣方面的知識。<br />從木性的觀點來看，甲適合使用木材原料的行業，而乙則適合木材加工業，如紙漿業、制紙業、紙商，或加工植物纖維而成的衣料製造，販賣業。五穀雜糧、花卉、青果、果實等流通、販賣也在此範圍內。紙製品關係可擴大來考慮，如文具或畫籍、雜誌的出版、印刷業等都很好。<br />丙年的人最能表現乙的典型本性，由於他會傾盡自己的溫柔，為世人謀福利，所以很適合慈善事業，宗教或教育界，這種性格若進入企業界，也多半從事促進人類健康、福利的工作。","乙日生的人表面上雖有“開口談錢太俗氣”的氣概，但內心卻有惜金的一面。由於生性使然，對於別人的要求很難斷然拒絕，事後卻又懊悔不已，不論借人大錢、小錢都有這種傾向。","乙日生的人天生就是弱體質，但是就如難折斷的柳枝般，身體一旦遇上不良的狀況時，會知道臨機應變，不會過於勉強自己。因此，大病的危險反而出人意外的少，即使生病，自己也很有一套應付它，所以不會突然惡化。<br />肝臟和喉嚨易出毛病，扁桃腺炎也是一項弱點。"
"15","丙子","

熱情豪爽,自信好勝,善言健談,欠缺沉著,但情緒不穩,衝動易怒,缺乏仔細、認真。

","[丙子][上等]為六秀，主人聰明秀氣。丙火坐子無根，主人身矮。丙為太陽主光明，而子鼠狡猾，子中癸水陰濕，故主人性格雙重。身坐正官，一權在握，往往自以為是，獨裁固執。","
膽大言廣，有權謀，心機詭詐，早年平平，中年成就，晚景大好，女人饒舌，言多有失，安分守己，避免麻煩，幸福自來。
","
丙是威勢猛烈的陽之火,熊熊的燃燒能令鐵為之熔化。因此,丙日出生的人精力充沛,猛勢所至之處可得權威與名聲,會傾出所有的熱情追求自己的理想。<br />光明正大的丙有不能隱瞞事物的短處,因而有時會聒噪的訴說或傾吐自己的心事。<br />丙的性格就像火一樣,瞬間燃燒又倏地消滅,此外,由於自認才智過人,多半成懶惰者,總想自己擁有滿腔的熱情就已足夠,毋須認真努力。<br /><font color=""#0000ff"">丙子日出生的人有求助他人之手獨創研究的性格,喜歡在新觀念的可能性上下賭注。</font>","丙日生的人都是熱情的戀人，一旦喜歡某個人，會毫不猶豫地積極追求，而這種果敢正是這型人的利器。初次會面，只要判斷是“自己喜歡的類型”，一般就會省略寫信或打電話等磨蹭的手續，直接向對方提出邀約。<br />這種類型的男人多戀情，有妻妾同居的熱情傾向，擁有超越常識範圍的開放戀愛觀，他能在同時期和各種不同類型的女性大談各種不同的戀愛，其技巧之高堪稱行家。<br />說他能幹是好聽的話，事實上難以控制逾越正是火的性質，一旦“談戀愛”的傾向增強，雖然不甚有興趣，但仍會追求別人的女友，或勾引上司的太太以致出現危險的局面。由於到處亂播火種，又不留意是否會被灼傷，最後終會導致以愛為主的局面。","這種人就象熊熊燃燒的烈火，天生擁有很好的說服力。丙性質的人最適合從事推銷員工作，只要抓住機會，就會猛烈地發揮優秀的口才說服他人成功。依此看來，丙很適合律師、教育家或宗教家等職業。遇上這種人，就連閉得再緊的貝殼，被如此熱情的猛火一烘，也會在不知不覺中打開蓋子。此外，需要耀眼才華的藝術家或藝人也是丙日生的人的特長，他們都有天才性的發展，如日本歌星美空雲雀在少女時代就已登上歌謠界的女王寶座，日本漫畫高手手塚治蟲也是此型的明例。<br />由火的暗示來看，使用火的烹飪工作非常合適，飲食事業雖與水相關，但很多火的人也活躍在這個業界中，高熱燒土的陶藝家也是合適的工作方向，處理鍋爐與內燃機的工作與火性質相合。<br />火又有能源的意味，所以瓦斯、石油、煤炭等業界，或電力相關事業都很可行。此外，電器或光學事業也含火性，是丙適合從事的職業。就熱情的個性而言，運動員可盡情發揮，尤其是丁年的人生來就有競爭性更是完美的選擇。","丙日生的人天生熱情洋溢、行動奔放，所以身上很難放著錢不用，這種類型的人認為錢是給人用的，賺得多用的更凶，在百貨公司看中的裝飾品，會毫不猶豫的買回家。不過這種情形反而對丙有利，如果勉強儲蓄，致使自由自在的行動受阻，氣勢削弱，易生危險。<br />崇尚自然的丙若能發揮自由的特性，自力更生以應付開銷，才是最理想的生活方式，一旦惜物後，會喪失“火之兄”的特性，光華盡失。<br />丙日的人要想維持無虞的生活，最好始終讓身邊充滿華麗的氣氛，萬一生來小氣，欠缺和人交際則此星的光輝消失，最後窮神將找上門來，自由的金錢觀才能支持丙活力充沛地享受人生。","丙日生的人太過放縱自己，根本不會有所保留，因此這種類型的人壞自己身體的大有人在。就象連續的徹夜工作、酗酒等超出極限之外的事，導致身體報銷。<br />丙日生的人容易罹患的疾病有心臟病、眼病、胃腸病、肺病、神經痛、婦科病等。特別是壬年出生的人，由於生命之火正面被水澆下，所以恐有重疾。此外，戊年生的人平常的身體某處會被疾病侵蝕，須多留意。"
"16","丁丑","

敦厚樸實,重信守義,但任性逞強,防止受騙,有時缺乏耐力,辦事易半途而廢。專勁不夠。

","[丁丑][中等]丁火坐丑無根，身弱，但丁為星光，無妨。坐下偏財、七殺、食神，食神生偏財，偏財生殺，也一片順生，吉利。","
為人和睦，衣祿不愁，初年有旺祿常在，晚景大好，更有結餘，婚遲子晚，夫妻和睦相處，則百事順利。女人旺夫愛子，孝敬，持家賢良。
","
丁字在字典中僅次於一,排在第二位,擁有特異的地位。史記、律書中記載“丁者,言萬物之丁壯也”。它就像樹頂上枝葉茂盛的狀態。<br />古時到達徵兵年齡的人稱作壯丁,也有丁年的說法,意指男子成丁之年(二十歲),漢書、嚴安傅中載有“丁男被甲,丁女轉輪,苦不聊生”,丁女也指成年的女子。這種旺盛的力量也是來自火性。<br />丙丁雖同屬火,但丙像太陽,而丁則像夜空中閃爍的星星,或者可說火之兄是熔爐中卷成漩渦的火花,而火之弟則是祭壇上的燭火。因此丁的性格是屬乾脆、內藏熱情型。頭腦轉的快,極富進取精神,是個幾近狡猾很會鑽營的人。然而丁的人偶而會無法克制內在的激烈與表面的溫和所引起的衝突。由於長久被他人評定為“溫和的人”,自己也儘量扮演這個角色,但某個時候會突然暴露自己的衝動。<br /><font color=""#0000ff"">丁醜日生的人受平穩的運勢之惠,除了擁有豐富的表現力外,對金錢應該也很執著。</font>","這種類型的男性會使戀情持久，他不象丙以瞬間的爆發力來決定戀愛的勝負，一旦他對某一個女性萌生戀情，就會像炭火般，自內心持續熱力，火苗很難消失，他的戀情也不是以肉欲為起點，而是著重于和對方心靈相通的喜悅，就算是個短短的約會，如果能眉目傳情即以心滿意足。<br />丁日生的男性相信一種神秘的緣份，十分重視彼此的邂逅，象在無意中進入的咖啡廳中巧遇女服務生，他也會有命中註定的感覺，此外會深受占星術書中的暗示所影響，這些特徵都與動物性的本能相結合。","丁字有“燭燈”的暗示，燭火搖搖曳曳，雖然火光不大，卻都是由內心發出，因此這類人多選擇宗教、信仰等職業，進而在婚喪喜慶或福利事業界活躍，即使自己的職業與福利無關，也會花很多時間從事義工活動。<br />火屬藝術或學術文化的性質，因此丁的人很自然的會朝音樂、繪畫、書法、花道、茶道等方向發展，如果廣義的詮譯藝術活動，電影界也可包括在內，世界級導演黑澤明就能把這種特性發揚光大，此外，丁的人也可考慮樂器、唱片、玩具、模型、玩偶等與趣味娛樂用品相關的事業。<br />火的人擅長藝術或娛樂事業，但丙多是活躍于表面的藝人，而丁則適合從事幕後工作，如成為經紀人或製作人，尤其以庚年生的人最適合當協助性的經紀人，因他不會被對方或工作引入歧途，而能冷靜的處理事務。","丁的人擁有一顆超越金錢的心，由於不善計較得失，反而會因金錢之事傷害周圍的人。他人認為十分龐大的金額，在丁的人眼中根本不當回事，就算向人借來暫用，也會因忘記歸還而造成他人的困擾。<br />不過也有完全相反的例外出現，他們會對金錢十分執著，由於丁天性淡泊金錢，所以儘管執著，也還算不上是個吝嗇鬼。但他們往往以“金錢不是萬能”為理由，善於計算到了接近失禮的地步。","丁日生的人雖沒有旺盛的生命，但因擁有穩重的長處，會自己照料生活，所以反而多是健康的人。這型人擅長於擊退輕症小病，有心臟病的暗示，特別是狹心症或心臟瓣膜症。此外，也須注意肺炎、肋膜炎。"
"17","戊寅","

有積極性,幹一行易於對事物熱衷,但性急,任性而逞強。好勝,欲望高,不滿足感強烈,個別時候小氣。

","[戊寅][中等]坐長生，身旺。生於春，則坐下七殺太重，一生勞苦，多為人造福。","
性格猛烈，剛強招禍，易快易冷，交往閒雜，小人無情；早年勤儉，離祖發達，聰明才智，手足伶俐；晚年大有良機，不可莽撞，得安寧，有幸福。
","
戊是陽之土,母之大地的土,也可以說是河川邊堅固堤防之土,或為車道上幹硬的黃土,支撐巨木或森林,阻擋水的奔流,守護人為的通行是它的功用。<br />戊日生的人因此很守信義,重視節操,具有偉人的風格。然而其反面則因是暴露在人前的陽性土,雖然粉飾外觀,但內在卻粗野暴躁,欠缺思慮。<br /><font color=""#0000ff"">戊寅日生的人生來具有樂天的性格和聰明的頭腦,不過若能注意自己過強的氣勢,在平日不要太惹人注目,時時居於配角的地位,即可減少衝突。此外戊寅組合的人有可能遇上罕見的奇事,如在電話亭中拾到鉅款的大多數是這類人。</font>","這型男性對戀愛表現了極大的包容力，不但不會去拘束對方的行動，而且採取悠閒無為的態度，雖然和對方交往了一段時日，卻從不想去確定她是否真的對他有意。<br />戊日生的男性很大而化之，他們多半不會費神去記女友的生日，就算贈送禮物也已很遲鈍送出，常令對方焦躁不安，但他們並非真心如此，而是天生不伶俐。<br />這類男性大都採取被動的戀愛方式，甚少主動求愛，然而有些女性偏對這種悠閒自得的態度著迷不已，所以他常有機會遇到女性的追求。有時甚至會同時受兩位女性的倒追，不過因其本性使然，總能不慌不忙的選擇。由於這型人不修邊幅也有人愛，所以很少修飾門面。","戊的人天生就有安全、信用、信賴的優點，所以不論在任何行業，大都身居要位，穩固基礎，承受工作重壓力就是這種人的職業性向。進入信用第一的銀行、保險、證券業也是戊的特徵，由於戊的人對金錢不會起野心，再加上細心的理財能力，所以錢可以放心的託付給他，他決不會亂運用金錢去從事利滾利等危險的行當。因此，戊的人理所當然的在公司中擔任經理或資金運用的相關職務，特別是其穩重的特性，往往能成功的長期經營事業，有許多戊的人成了政治家、事業家等大人物。戊屬土性，因此與土有關的事業都適合，如農林業、土木建築業、石材等。<br />若與土木有關的事業最好盡可能的大規模從事，越大就會越發。<br />土又有藏之意，所以倉庫業也很合適。壬年生的人特別適合掌管金融財政，多半擔任企業中的經理重任。","土有通藏的意味，所以戊日生的人在財產上大都有相當的儲蓄，此外土又指不動產，因此頗受財運之惠。這型人多半繼承大片的土地，有長期安定的利息，不需四處奔忙操勞，自然會有十分豐裕的增值。因此，他們大都出身富裕然而事實上卻多屬不會活用財產的人。<br />由於受置不管就會增值的不動產之惠，所以戊的人也很少去考慮如何賺更多的錢，人們常說“富不過三代”，還是不要坐享其成較好。","戊日生的人看似心寬體胖，與疾病無緣的模樣，事實上他的大腹中積存了疾病的種子。戊五行屬中，戊要注意腹部的緣故。因此，首要留意的是胃腸病、胃癌等病。此外，也有膝下疾病或狐臭的暗示。"
"18","己卯","

和緩,謹慎,心靈手巧,但疑慮多,欠果斷。容易因情耗財,防止被人牽著走。

","[己卯][下等]坐殺截腳，為最差之日，人命己卯，易殘疾、受傷，一生勞苦。年上己卯，祖上傷殘，不善終；月上己卯，父母不團圓；日上己卯，青年時期命危；時上己卯，老年不得善終，子女不好。","
為人交往廣泛，風流倜倘豪傑，衣祿豐足，閒情逸致，嬉戲娛樂，有人尊從；六親冷淡，自立為上，骨肉難為，妻招年長，配偶和睦；女人注意鄰居關係，自我解脫，曠達胸懷，長壽，親族賢達。
","
己字與紀有關,意指在繁絲中理出的頭緒,或是枝葉茂密中頭角崢嶸的一枝獨秀。因此,己給人的感覺是事物的軸心,或擔任引爆劑般的中心角色。<br />此外,己又有自己、克己等說法,可見己就是指自己本身,這和土在五行中居中心位置有關,由於陽土的戊過於強調自我主張,因此己也愛表現自己。<br />己是陰土,意指被森林覆蓋、隱藏或被農作物遮擋而看不見的地面,這些土壤可說都是用來培養植物的軟土。因此,己日生的人都具有殷實農夫般的木納及溫和的品格,然而既是隱藏的土,則多半視野狹窄,頗受猜疑,如果猜疑過度會變成孤僻的人。<br /><font color=""#0000ff"">己卯日出生的人氣勢很弱,非常容易喪失體力,氣力,恐遭奇禍。必須比別人加倍努力才能克服弱運。</font>","己日生的男性非常木訥，不擅長主動追求女性。對於機靈的安排約會，利用男性氣概吸引女性關心等技巧一概一竅不通，反映出耿直的戀情。不過這種性質反而激起女性的母性本能，因而意外的多有豔遇機會，這種類型的男性常有現成的飯菜可吃，因為許多女性會到他們的單身公寓打掃、做飯。就連當推銷員時，訥訥拙言型的人一般都比話說得天花亂墜型的人績效好，這種較為人接受的老實性格，使他們情場或商場都能創下佳績。不過，庚年出生的人卻有主動積極追求的傾向。","認真、正直、孜孜不倦地鑽研一件事物是己的特性，可謂無人能出其右，就算每日重複做相同的工作也不會厭倦。一般的職務大都可以勝任，但最好從事能活用某種特定技術或機械性原理的工作。此外，因具有無名英雄的潛能，所以打字員、語言促進師、總機等專門性工作也合適。<br />研究所的技師、研究員等腳踏實地地貢獻成果的職務很適合己的人。也有些人在傳統工藝界發展，圍棋名將林海鋒就具有己的特性。<br />如前所述，戊對土木或不動產很在行，而己則活躍於土的加工行業，如陶瓷器業、煉瓦業、耐火材料等，它們都與窯業有關，因此玻璃業也含在其中。與地下相關的職業也可列入考慮，如地鐵事業、大廈管理員、停車場管理員。壬年生的人相當理智，由於他能聚精會神地勤勉工作，因此得以發揮己所具備的老實，沒有人比他更適合擔任金庫守衛，非常值得信賴。","儘管同屬土性，戊的人較傾向花錢；而己則會專心一意地存錢。這種類型的人既不想花大錢，也不想用小錢，很擅長節衣縮食過生活。一旦有人向己借錢，他會很巧妙地拒絕，貫徹實行金錢第一的信念。<br />己的人對金錢的感覺非常出類拔萃，很長於運用資產，其能力不輸銀行的職員。他們很喜愛購買有獎證券等，情願存錢也不把錢花在無謂的遊玩上。由於扎實的儲蓄，賺取滾雪球式的利息，將可過個安穩的老年生活。","己日生的人看起來動作遲鈍，或氣色很差，談不上健康的模樣，但他卻有很好的抵抗力，對抗病魔也有韌性。己的共通疾病是腸的問題。腸膜炎、腸癌等是最需要注意的疾病。此外，可能也有蛔蟲的煩惱。其他尚有肝臟病、神經痛等暗示。"
"19","庚辰","

積極進取,勇敢果決,自尊心強,有才能,善於結交各方面朋友,平衡、穩重,但過於操勞,防止被別人耍花樣、弄權術而迷惑受騙受害。

","[庚辰][上等]身坐正財、傷官、偏印，主人有財祿，聰明有學識，支中傷官帶偏印有貴氣，而戊癸化火為官殺，變成日坐財官，可做官，但隱含傷官，可能喜開殺戒。","
春風和氣，勞祿雪霜一生，利官近貴，名利雙全，衣食足用；中年平順，晚年大興，女人勤儉，持家有方，受人敬仰，坎坷風波。個別命運身體衰弱，注意健康，平安為福。
","
庚是陽之金,意指藏在地中含有豐富金屬的礦石,庚的人因此擁有如礦石般的剛直性格,此外經過鍛煉,打鐵成鋼可製成刃的鋒利快刀就是庚的特性,不過就像剃刀一樣,雖然鋒利卻稍嫌單薄。或許因為如此,庚日生的人在人品上有其保守的一面,然而不可思義的是世人卻給他超越實力的高評價。不過,庚的人熟知自己的缺點,為了配合世人的評價異常努力,所以實像和虛像之間並無很大的差距。<br />庚的人在無意識中不斷地鍛煉自己可能是與生俱有的宿命使然吧!<br /><font color=""#0000ff"">庚辰日生的人自信自滿,會強制進行事物,由於精力過剩,往往引起無謂的衝突。不過由於運勢夠強,剛好足以克服這種缺點。</font>","庚日生的男性有十足的男性氣概，外形大都屬肌肉型硬漢（也有例外），性格則硬如鋼鐵，從抽煙的方式、步行的方式，以至飲酒的方式，無一不充滿“冷漠男子”的氣質，非常性感，因此，身邊始終有不少仰慕者，甩都甩不掉。<br />庚日生的男性就算外型上不是肌肉型男子，他們的內心大概也都真率，可以說一根腸子通到底，所以不喜歡細水長流式愛情是他們的特徵之一。<br />這種類型的男性的內心還藏了另一個特色，那就是一旦對方舉止太過親密時，他會立刻甩掉她。如果激怒了他，他才不管是否美如天仙，照樣抱以老拳。","庚日生的人反應靈敏，頭腦敏銳，特別適合從事員警、檢察官或與防衛相關的工作。從警戒完備這點來看，很容易令人聯想到保鏢。日本影視界有名的男演員丹哲郎和渡哲也都是庚日生的人，而他們所扮演的刑警或保鏢角色使他們多年來一直深受影迷喜愛。<br />由此看來，庚的人適合在官場，技術方面或金屬工業界等特別堅實的行業中從事工作。庚屬金性，因此可考慮以鋼鐵業為首的金屬、造船、車輛、動力機械、電機等事業。就算不在上述關係的公司工作，也可適當的轉職，例如原本在木材關係的職位，一旦調往鋼鐵部門，會開始有異於往常的活動。從金屬的意味而言，刃物也包括在內，所以庚也適合從事外科醫生或齒科醫生等職業。<br />甲年庚日生的人易成領導，會是個嚴厲的上司，就算當老闆，也不是個溫情主義的老闆，一切會以軍事化的方式統領。","庚雖屬金性，卻不愛死存錢，性格耿直，重視義氣，就算傾囊付出，也要幫助他人，不為錢拘束。假設自己手頭不便，也會向別處借錢以救人急。因此，與財運緣淺，如果自己不留意，根本不會擁有大量的金錢。不過這就是庚日生的人的特徵，一旦壓抑它，恐會失去性格上的一大優點，只要稍稍收斂一些過於勉強的交際應酬就無大礙。<br />庚日生的人當中要屬已年的人最幸運因已有財產的意味。丙年生的人不太會分好壞，火性不擅長儲錢，所以沒有財力。此外，經過實際的調查，發現辛年的人大多是“吃、喝、賭、買”遊戲人間的人。","庚日生的人，由於“金”是主管肺臟、四肢、鼻、骨，一旦健康受損，立刻障凝四起，除了有腸膜炎、腸結核等暗示外，還有肺炎、風濕症等須要提防。"
"20","辛巳","

沉著坦直無私,待人接物,認真細緻,腳踏實地,但溫柔敦厚而寓涵固執,有些自信,勞碌奔波歡快。

","[辛巳][上等]身坐正印正官劫財，辛金柔弱，有正印生身，劫財幫助，由弱轉旺，而正官丙火制衡，使干支中和，必主官貴，富於成功。","
友善機謀，能應變，志氣過人，衣食足用；有貴人扶助，中年和順，老有福運，心安理得，知足常樂，可以長壽。
","
辛是陰之金,因此它比庚更能表現金的嚴厲。辛原是指罪人,由於它在秋決時又代表了斬人的刃物,所以給人狠毒的感受。<br />庚就像鐵礦石般原始,但辛卻象徵經過琢磨,精製的貴重金屬或珠玉,呈人工加工的狀態。若和鐵礦石相比較,辛較溫和;就連同樣提倡正義,公理的金的性格而言,辛也給人較平穩,聰明的感覺,以這種嚴厲、溫和相對立的兩個要素為根底的辛,應可看出自己頗亂的兆頭,那就是破壞、改革的暗示。<br />庚通更、辛通新,經過後來的整理,可發現辛本年的事變特別多。此外,辛年出生的人除了私人性的世事變化無常外,也象徵扮演改革時代的角色。<br />辛日生的人可比喻作沙金,僅管外表柔弱,內在卻暗含堅硬,很擅長帶刺的嘲諷,多是毒舌家。由於陰氣之故,易造成偏頗的個性,但偶而也會採取斷然的行動,一旦這種行動力表現得過強時,會成為“齊迫”型的人物。<br /><font color=""#0000ff"">辛巳日生的人愛疑慮、猜忌,性格十分曲折。</font>","這種類型的男性頗陰鬱，就算自己喜歡的女性出現，他也不肯表白自己心意的傾向很強烈。由於他不會沉溺於愛中，所以在談戀愛時，會優先考慮“愛會使我向上嗎？”或“愛情與人生的目標有何關係？”等理論。因此，他十分受喜歡窮根究理的女性吸引，特別是傾心於堅持自我主張的職業女性。<br />這種男性根本上否定母性，強調自我存在的意義，本能上對愛不置評價，面對戀人時也是以清醒的眼光去觀察。<br />偶而他會以完全陌生的第三者般的態度，去對待交往已久的戀人，甚至出口諷刺人，使對方懷疑他是否真心而冷卻感情。不過，辛日生的男性決不會忘記對方的生日，當天一定致贈禮物，以表示自己一絲不苟。","辛和庚一樣具有金的敏銳特質，不過辛屬陰，因此它的敏銳較有粘著力。若要發揮這種特性，可考慮教育界、編輯界或文藝界。庚暗示鐵或重工業，而辛則意味精密機械、化學機械、計算機械、光學機械等輕、細工業，此外，鋁等輕金屬或非鐵金屬業也很適合辛的性格。<br />辛的人應往金屬加工溶接、電鍍、金屬雜貨的製造、貴重金屬裝飾等業界發展，非常容易發揮所長。雖然辛給人硬物的印象，但丙年出生的人卻有柔軟的一面，就算當員警，也多半是牽老年人過馬路或給兒童們觀賞交通安全卡通漫畫的女警。","辛與庚同屬金性，所以也重視正義，讓義理，不過，庚太過正直，辛就比較能夠融通。他和不善錢的庚不同，很有些小技巧營利。像在不動產方面就很能發揮所長。便如分租公寓，或在小小的空地上能自動販賣機，頗能掌握要領，有受金錢之惠的暗示。自己若不直接經營生意，也會借錢給他人賺取利息，頭腦非常靈活。<br />戊年生的人有“土中金”之意，應該會儲蓄，不過土中金就如庭院中出現鯊魚一樣，未必是不可能實現的夢。這種類型的人有可能在前代先人的收藏中，發現價值連城的古畫。","辛日生的人給人的印象是精幹瘦削，欠缺體力，談不上是非常健康，但比起戊或己的人卻要好得很多。"
"21","壬午","

心胸寬廣,機智靈敏,喜歡照顧他人,聰明,有官運,或者駕馭他人,但是為人操勞,衝動易怒。

","[壬午][上等]坐下財官，無雜氣，多主官貴，丁壬合財，主得妻財或因妻制富。但壬午不如癸巳，癸巳財官雙美無雜氣，又為日貴。另外，壬水蓋頭有掩火之嫌，故雖有官貴，也難免大起大落。","
為人勤儉，父母刑傷，早年財物不順利，存儲不多，中年勞心，稍有所得，晚景旺子，事應積蓄，防備缺乏。女人興家，賢能自達，恒心有獲。
","
壬是陽之水,有滔滔大江之勢,得天獨厚的雄才大略使壬的人能毫無顧慮地橫掃世間。巧妙處理人際關係的能力無人出其右,在營業或外交場上得意自是理所當然。由於反應靈敏一拍就響,所以很快的就跟上對方的步調。<br /><font color=""#0000ff"">壬午日生的人雖然頭腦轉動得很快,但卻欠缺思想,儘管性格若即若離,運勢卻算平等。</font>","這種類型的男性有知性的魅力，稍帶憂鬱的氣質很受異性的歡迎。凡是追求他的女性，他一概來者不拒，一個星期可能和七個人約會。此外，因他具有果敢的行動力，所以也常會主動邀約他人。<br />壬日男性很擅長“一夜風流”，從吃飯、飲酒到飯店這一個過程視以知性的背景，製造了絕妙的氣氛，使他們無往不利。由於自由的戀愛觀，使他們甚少有從一女性而終的心態。","壬日生的擁有水流的快速與智慧，壬的職業運就潛在這性質當中，由於智慧的凝聚，因此壬的人適往需要豐富點子或創造力的企劃、文案部門發展。再加上他能機敏的判斷狀況，在一瞬間取得靈感，所以設計師或文案撰稿員等職業是非壬莫屬，而企劃部或宣傳部更是需要他的頭腦。<br />這種類型的人也很擅長教育、文化、藝術等方面，能夠發揮獨一無二的創造力。特別是壬全身洋溢著智慧，若當學者或研究者必能提供一流的成果，他們多半不會關在研究室中默默發表成績，而是活躍於與輿論傳播界，傾向于領導某種團體理論。在公司或組織中壬多從事研究部門。水也象徵流通，因此壬的人也有因為利用這個特性而成功的開創事業的例子。<br />壬有大河的暗示，所以水利或水方面的職業也很適合。壬年生的人最能發揮壬日生的本能，雖然運勢過強恐會脫軌，但因其一身本領的優點超群，因此在任何行業都能如魚得水的活躍。","壬的本質是如流水般運用、流通金錢。因此壬日生的人擅長於活用資金，錢上滾錢。由於這種類型的人能在腦中迅速盤算錢的去路，確知多少年後能有多大的財產，所以尚無人比他更正確地培育金錢。<br />壬日生的人有數字概念，頭腦轉的快，點子又多，單單運用利息，恐怕無法獲得滿足。因此這型人常在流動快速的股票市場上決勝負。不過，點子不一定都能奏效，所以壬的人若不注意，將會過度相信自己的腦袋而招致失敗。一心想站在時代的前端，而大量投資開創事業，終致基礎崩潰，最後落得一無所有是壬常見的現象。<br />戊年壬日生的人雖然沒有靈敏的金錢感覺，但只要不奢侈，大都衣食無慮。","水是知性的代名詞，因此壬日出生的人平日就對健康管理十分注意。不過，自古以來水和性就有很深切的關係，所以要對該方面非常警戒。"
"22","癸未","

逞強頑固,是努力家,有耐力,熱情大方,聰穎機靈,但心地狹窄,容易小氣。

","[癸未][中等]坐下有食神生財、財生殺，因坐偏財、七殺，故男女命逢癸未，重婚較多，但男女均漂亮，愛情專一。","
心急口快，為人伶俐；救人無恩，反招是非，曲直難辯，多有誤會。有財無庫，過眼雲煙，財來財去，精打細算，可免禍災；女人賢慧，勤儉持家；晚景平安。
","
癸有測量之意,水之阻的癸是指隆冬之時,草木枯萎一望無際,因而便於測量。<br />有別于壬的大河性格,癸是指小溪,水溝的細細水流、池沼混濁的水,或在草木葉上棲息的露水。壬可以說是表現之水,而癸則是底層的深水,水的表面儘管明亮,但光線卻很難射入水底,因此癸的人在內心深處始終穩藏了神秘的性格。<br />癸日生的人性情平等、順從,重視默默的努力,但是當努力不為人接受時,忍耐到極點後會爆發怒氣。由於善於察言觀色,並加以協調配合,因而有旺盛的服務精神。<br /><font color=""#0000ff"">癸未日生的人初看粗枝大葉,事實上頭腦極慎密,本人對此也有十分的自信,有玩弄權謀術數的傾向。</font>","癸日生的男性有虛弱的一面，而它使戀情有了複雜的陰影。因為這虛弱在女性眼中成了無上的魅力，在“想保護”他的感情驅策下，進而締結戀情是常有的事。<br />這型男性不會直接示愛，他把認識的女性全當成女友看待，多少有一點“沉默寡言”的傾向。<br />癸日的男性對異性的追求很熱衷，有時會對異性糾纏不休。此外，這型人也有官能倒錯的傾向，有時會性倒錯而想成為女性。","癸意味著地下水，因此他不會在人們看到的地方活動，而是在某個深處樸實工作，有許多保守的研究者是癸日出生的，他們不是愛女學生歡迎的王牌學者，而是樸實的累積成果。<br />由於洞察力非常敏銳，很適合參謀工作，在團體中如果立他為副領袖，可以發揮智慧推展許多活動。在公司或組織中，癸型的人都擅長訂定計劃，並會完美的達成任務，加上他十分擅長於預先準備好各方面有利的話而圓滿達成交涉，因此多活躍于幕後，成為所謂的謀士。<br />水的流通也意味錢的流通，五行中土是不動產，而金則為動產。依此看來，癸很適合往金融業發展。此外，若論流通，人來人往的百貨公司、超級市場、交通業、旅遊業等也非常合適。<br />癸的人特別擅長對人服務，因而介紹人、顧問、販賣報紙等以服務為主體的行業全部都很適應。特別是甲年生的人最能發揮癸的服務性，飯店業、理容業也是這型人的得意業。<br />服務業中凡是利用水性的行業如咖啡廳、酒吧點心店、餐廳、小吃店等都沒問題。清涼飲料、牛奶、酒類業更是沒話說的適合。此外，需要大量水的溫泉、浴場、洗衣店等也是癸可選擇的行業。水也可廣義的解釋成液體，因此也可考慮石油、汽油販賣等相關職種。","癸也屬水性，有很好的洞察力。這種類型的人多勤勉努力，不靠洞察力或先見力。也能夠聚集努力的結晶，擁有錢財或不動產。賺得快花得快是人之常情，但這種類型的人卻例外，錢財一旦到手，就會慎重、踏實的處理。<br />例如在公司舉辦的“意見競賽”中奪魁而得到的獎金，癸的人會把它存起來當成結婚資金，決不會把它用在吃喝上。想來這種類型的人深知“聚沙成塔”的各種滋味，知道錢的好處多多。除了正式的工作外，他們多半也嘗試各種打工增加副收入。","癸位居十幹之末，從健康運來看，已呈疲勞的狀態。不過，他同時又孕育十幹之首的甲，所以內含精力。儘管外觀虛弱，但仍有十分強的健康運。<br />癸中要屬己年和乙年生的人最須留意，不要太過勉強自己，一旦覺得疲勞，應立刻休息。<br />概括來說，癸的人較容易惟患腎臟系統的疾病。面呈黑色的人更須特別注意。"
"32","甲午","

有積極性的開拓精神,精力旺盛,重感情,剛直豪邁,勤勉隨和,但好自我顯示,直爽當中隱蔽著一點點的虛偽。

","[甲午][中等]身坐死地，一生勞苦奔波，幹生支，對妻子好，傷官生財，對上輩孝順。日主泄出丁火，主利他人，故對別人照顧有加，可自己到老，卻一無所有。","
為人和氣，好娛樂；青春好風蕩，交往朋友，利官近貴，逢凶化吉，骨肉少靠。女人口快，心直能言；防止禍不單行？
","
甲是木之兄,意指陽木,幾乎具有木的全部特徵,但因屬陽,個性稍倔強。<br />甲字似從“押”字而來,從字面看來仿佛是包含種子的植物,呈等待萌芽的狀態。<br />木是緊緊的在大地紮根,往上、下生長,特別是五行屬陽的甲木更具有強勁的生長力,建材用的參天大樹可比作這種木,因此,甲日生的人不但保有木的特徵,如仁德、柔和,而且還是氣勢猛銳不斷向上攀爬的自主者。偶而會有率性直情的短處,但因其具有深遠處的智慧,一般多是不愛說話,頭腦聰明的人。<br /><font color=""#0000ff"">甲午日出生的人欠缺積極性,如此一來麻煩事反而更多,當機會來臨時,應掌握時機,當機立斷勿讓它溜走。</font>","這種類型男性的個性可謂心直口快，連愛情的表現也很保守，平淡。<br />由於不喜歡陰鬱的戀情，就算愛上某位女性，也不會患單相思，一旦被拋棄時也不會悶悶不樂，更不會對拋棄他的物件心存惡意。<br />甲日生的男性可以說對女性沒有強烈的執著心，他的愛在本質上就象神的愛，具有慈悲的心懷。這種人雖有點難以接近，但因根本上是個可依賴的人，所以有可能受年齡差距十分大的年輕女性所仰慕，遇上這種情形時，他應該不會報以冷笑的態度，而會回以溫柔的安慰。","甲日生的人個性溫、穩重，能精確的發揮指導力，適合管理、人事、總務等部署，由於甲是直立的樹木，意味筆直的向上成長，所以也可能獨創事業。“大樹之蔭能聚人”，由於常被人依靠，可往醫生、護士、老師、保姆、幼稚園老師等方向發展。<br />從被人依賴這點來看，也很躍於法律界或社會事業。此外，由於深謀遠慮，也常成為智囊團或技術顧問，因此指導升學、就業等導引人生方向的行業更是合適，甲的人有時開創自己的事業，多半成為企業家依賴的智囊。<br />當然從事與木有關的職業更暗示了會比其他行業來得成功，它們包括農林業、園藝、制材業、建築業。但甲和同屬木的乙不同之處在于他適合使用木的原料的行業，因此建材、建具等相關工作可以發揮才能。雖然皮毛與木沒有直接的關係，但因兩者都有“生長”的性質，所以也適合皮毛或皮革等相關行業。<br />戊年甲日生的人可以發揮甲的領導本領，一旦進入組織，自然會被推崇為領袖，儘管本人無意如此，也會朝領導階層推進。","甲日生的人不會因為金錢而左右人生的判斷，是個出手大方的人。木又有“仁”的意味，因此不會計較得失，對金錢採取恬淡的態度。即使為別人出錢，出力奔走協調，也不希求回報。<br />戊年甲日生的人在淡泊金錢的甲日人當中，最長於運用金錢，他不會刻意去儲錢，但在不知不覺中自然走上儲錢這條路。","甲日生的人非常勤奮，也擁有自力更生的能力，所以很容易勉強自己。一般時候即使感覺疲勞，也不肯休息，硬忍耐撐著工作，因此一旦倒了下去，會病得不可收拾。<br />甲的人特別有黃膽等肝臟疾病的暗示，請注意積勞會成疾，由於腦也會亮紅燈，所以應乾脆的放鬆精神，找出時間喘口氣。"
"23","甲申","

有積極性的開拓精神,精力旺盛,重感情,剛直豪邁,勤勉隨和,但好自我顯示,直爽當中隱蔽著一點點的虛偽。

","[甲申][下等]坐絕地，一輩子辛苦，奔波，但死木逢殺克削，也不失可用。","
衣祿不少，心性溫柔，出入有為，技壓群芳，初年不順，中年勞神，晚景利達；夫妻和順，兒女遲到，女人操勞，忍耐莫逆，家事平安。
","
甲是木之兄,意指陽木,幾乎具有木的全部特徵,但因屬陽,個性稍倔強。<br />甲字似從“押”字而來,從字面看來仿佛是包含種子的植物,呈等待萌芽的狀態。<br />木是緊緊的在大地紮根,往上、下生長,特別是五行屬陽的甲木更具有強勁的生長力,建材用的參天大樹可比作這種木,因此,甲日生的人不但保有木的特徵,如仁德、柔和,而且還是氣勢猛銳不斷向上攀爬的自主者。偶而會有率性直情的短處,但因其具有深遠處的智慧,一般多是不愛說話,頭腦聰明的人。<br /><font color=""#0000ff"">甲申日出生的人做事拖拖拉拉,容易步入不好的方向。因此,就算別人說得天花亂墜,你也要慎重的加以考慮,儘量避免立刻動心。</font>","這種類型男性的個性可謂心直口快，連愛情的表現也很保守，平淡。<br />由於不喜歡陰鬱的戀情，就算愛上某位女性，也不會患單相思，一旦被拋棄時也不會悶悶不樂，更不會對拋棄他的物件心存惡意。<br />甲日生的男性可以說對女性沒有強烈的執著心，他的愛在本質上就象神的愛，具有慈悲的心懷。這種人雖有點難以接近，但因根本上是個可依賴的人，所以有可能受年齡差距十分大的年輕女性所仰慕，遇上這種情形時，他應該不會報以冷笑的態度，而會回以溫柔的安慰。","甲日生的人個性溫、穩重，能精確的發揮指導力，適合管理、人事、總務等部署，由於甲是直立的樹木，意味筆直的向上成長，所以也可能獨創事業。“大樹之蔭能聚人”，由於常被人依靠，可往醫生、護士、老師、保姆、幼稚園老師等方向發展。<br />從被人依賴這點來看，也很躍於法律界或社會事業。此外，由於深謀遠慮，也常成為智囊團或技術顧問，因此指導升學、就業等導引人生方向的行業更是合適，甲的人有時開創自己的事業，多半成為企業家依賴的智囊。<br />當然從事與木有關的職業更暗示了會比其他行業來得成功，它們包括農林業、園藝、制材業、建築業。但甲和同屬木的乙不同之處在于他適合使用木的原料的行業，因此建材、建具等相關工作可以發揮才能。雖然皮毛與木沒有直接的關係，但因兩者都有“生長”的性質，所以也適合皮毛或皮革等相關行業。<br />戊年甲日生的人可以發揮甲的領導本領，一旦進入組織，自然會被推崇為領袖，儘管本人無意如此，也會朝領導階層推進。","甲日生的人不會因為金錢而左右人生的判斷，是個出手大方的人。木又有“仁”的意味，因此不會計較得失，對金錢採取恬淡的態度。即使為別人出錢，出力奔走協調，也不希求回報。<br />戊年甲日生的人在淡泊金錢的甲日人當中，最長於運用金錢，他不會刻意去儲錢，但在不知不覺中自然走上儲錢這條路。","甲日生的人非常勤奮，也擁有自力更生的能力，所以很容易勉強自己。一般時候即使感覺疲勞，也不肯休息，硬忍耐撐著工作，因此一旦倒了下去，會病得不可收拾。<br />甲的人特別有黃膽等肝臟疾病的暗示，請注意積勞會成疾，由於腦也會亮紅燈，所以應乾脆的放鬆精神，找出時間喘口氣。"
"24","乙酉","

個性沉著,警戒心強,表面現象不願與人爭執,溫柔含蓄,但感情脆弱。隨風轉舵,看人說話。

","[乙酉][下等]坐殺截腳，生在春天有救，生在土月助殺攻身，不妙。人命乙酉多不善終或不高夀。女命乙酉漂亮，浪漫，早戀早婚。","
口快心直，軒昂大方，樂觀；衣祿足用，兄弟雖有，難為助力；與人善良，事業成功；女人興旺，小有蓄財，平穩，求安？
","
乙同屬木性,與木之兄的陽木相對,有木之弟的陰性氣質。木所具有溫和、安靜特性較常在乙身上出現。<br />乙源自軋,意指互相傾軋或互相摩擦,春季時,萬物會自皮中掙出逐漸成長。<br />若以天文現象而言,甲是一閃而過的雷電,而乙則是吹拂樹尖的風。性格上而言,甲是樹木,而乙則是攀沿樹木的葛藤。也就是說甲會直往上伸展,而乙則是柔軟、彎曲身體的蜿蜒而上。<br />由於乙的性格溫和,因此多半不是自我主張過強的人,就算問題發生時,也多採取靜觀事變的態度,進而尋求合理的解決方法。但因過於重視人和,往往成了好好先生,易受四周環境所影響。<br /><font color=""#0000ff"">乙酉日出生的人多半不愛花心思動腦筋,因此比他人更需培養“過石橋也要敲敲才過”的慎重心,及堅忍困難的耐力。</font>","這種類型的男性太過溫柔，就連向對方傳達自己的感情時，也不採取直接的手段，反而拼命的思考不著痕跡的方法，有道是皇帝不急太監急，他的周圍友人都替他焦慮不安，希望他能勇敢地表白。<br />由於欠缺決斷力，常會擔心自己的舉動可能造成對方的麻煩，因此就算贈送禮物給心愛的對象，事後被問起時多半會佯裝不知。<br />如此一來，女性可能會認為乙日男性不可靠，然而就是這種不可靠反倒成了他們談戀愛的最大武器，因為它往往強烈的刺激了女性的母體本能，認為惟有她的幫助，他才能成器。<br />人們常說“女人心海底針”，有的女性憧憬具有決斷力、力量強勁的男性，但也有些女性卻喜歡保護無依無靠的男性，這種複雜的心態正成了乙日生男性的養分。","乙具有木的溫柔、敦厚，不論任何行業都能柔軟的適應。不過，最好從事協助性的工作，如主管不在時，代理主管輔佐事務，要比當主管領導部屬來得勝任。甲給人的印象是可依靠的高樹，而乙則是溫和柔弱的小草木，因此乙的人很重情趣，多從事繪畫、音樂等藝術工作，如果成為教師也多教導情趣方面的知識。<br />從木性的觀點來看，甲適合使用木材原料的行業，而乙則適合木材加工業，如紙漿業、制紙業、紙商，或加工植物纖維而成的衣料製造，販賣業。五穀雜糧、花卉、青果、果實等流通、販賣也在此範圍內。紙製品關係可擴大來考慮，如文具或畫籍、雜誌的出版、印刷業等都很好。<br />丙年的人最能表現乙的典型本性，由於他會傾盡自己的溫柔，為世人謀福利，所以很適合慈善事業，宗教或教育界，這種性格若進入企業界，也多半從事促進人類健康、福利的工作。","乙日生的人表面上雖有“開口談錢太俗氣”的氣概，但內心卻有惜金的一面。由於生性使然，對於別人的要求很難斷然拒絕，事後卻又懊悔不已，不論借人大錢、小錢都有這種傾向。","乙日生的人天生就是弱體質，但是就如難折斷的柳枝般，身體一旦遇上不良的狀況時，會知道臨機應變，不會過於勉強自己。因此，大病的危險反而出人意外的少，即使生病，自己也很有一套應付它，所以不會突然惡化。<br />肝臟和喉嚨易出毛病，扁桃腺炎也是一項弱點。"
"25","丁亥","

敦厚樸實,重信守義,但任性逞強,防止受騙,有時缺乏耐力,辦事易半途而廢。專勁不夠。

","[丁亥][上等]坐下正印官星，官印相生，主聰明超群，丁壬合化印星，坐貴，主官貴，與大貴人有緣。女命丁亥，可嫁貴夫。","
性巧聰明，小有才智；獨立自營，奔波操勞，兒女有利，見遲方好；好為善事，稍微旺財；女人貞節自愛，貴人幫助，幸有財運，衣祿平穩。
","
丁字在字典中僅次於一,排在第二位,擁有特異的地位。史記、律書中記載“丁者,言萬物之丁壯也”。它就像樹頂上枝葉茂盛的狀態。<br />古時到達徵兵年齡的人稱作壯丁,也有丁年的說法,意指男子成丁之年(二十歲),漢書、嚴安傅中載有“丁男被甲,丁女轉輪,苦不聊生”,丁女也指成年的女子。這種旺盛的力量也是來自火性。<br />丙丁雖同屬火,但丙像太陽,而丁則像夜空中閃爍的星星,或者可說火之兄是熔爐中卷成漩渦的火花,而火之弟則是祭壇上的燭火。因此丁的性格是屬乾脆、內藏熱情型。頭腦轉的快,極富進取精神,是個幾近狡猾很會鑽營的人。然而丁的人偶而會無法克制內在的激烈與表面的溫和所引起的衝突。由於長久被他人評定為“溫和的人”,自己也儘量扮演這個角色,但某個時候會突然暴露自己的衝動。<br /><font color=""#0000ff"">丁亥日生的人可以說是有安靜、理性的性格。儘管周圍評定他是“非常溫厚的人”,但事實上在他內心卻隱藏了豐富的獨立心及創業發展的雄心。</font>","這種類型的男性會使戀情持久，他不象丙以瞬間的爆發力來決定戀愛的勝負，一旦他對某一個女性萌生戀情，就會像炭火般，自內心持續熱力，火苗很難消失，他的戀情也不是以肉欲為起點，而是著重于和對方心靈相通的喜悅，就算是個短短的約會，如果能眉目傳情即以心滿意足。<br />丁日生的男性相信一種神秘的緣份，十分重視彼此的邂逅，象在無意中進入的咖啡廳中巧遇女服務生，他也會有命中註定的感覺，此外會深受占星術書中的暗示所影響，這些特徵都與動物性的本能相結合。","丁字有“燭燈”的暗示，燭火搖搖曳曳，雖然火光不大，卻都是由內心發出，因此這類人多選擇宗教、信仰等職業，進而在婚喪喜慶或福利事業界活躍，即使自己的職業與福利無關，也會花很多時間從事義工活動。<br />火屬藝術或學術文化的性質，因此丁的人很自然的會朝音樂、繪畫、書法、花道、茶道等方向發展，如果廣義的詮譯藝術活動，電影界也可包括在內，世界級導演黑澤明就能把這種特性發揚光大，此外，丁的人也可考慮樂器、唱片、玩具、模型、玩偶等與趣味娛樂用品相關的事業。<br />火的人擅長藝術或娛樂事業，但丙多是活躍于表面的藝人，而丁則適合從事幕後工作，如成為經紀人或製作人，尤其以庚年生的人最適合當協助性的經紀人，因他不會被對方或工作引入歧途，而能冷靜的處理事務。","丁的人擁有一顆超越金錢的心，由於不善計較得失，反而會因金錢之事傷害周圍的人。他人認為十分龐大的金額，在丁的人眼中根本不當回事，就算向人借來暫用，也會因忘記歸還而造成他人的困擾。<br />不過也有完全相反的例外出現，他們會對金錢十分執著，由於丁天性淡泊金錢，所以儘管執著，也還算不上是個吝嗇鬼。但他們往往以“金錢不是萬能”為理由，善於計算到了接近失禮的地步。","丁日生的人雖沒有旺盛的生命，但因擁有穩重的長處，會自己照料生活，所以反而多是健康的人。這型人擅長於擊退輕症小病，有心臟病的暗示，特別是狹心症或心臟瓣膜症。此外，也須注意肺炎、肋膜炎。"
"26","戊子","

有積極性,幹一行易於對事物熱衷,但性急,任性而逞強。好勝,欲望高,不滿足感強烈,個別時候小氣。

","[戊子][上等]六秀日，主人聰明秀氣，坐正財，得賢妻，因妻制富，干支戊癸化火生身，主高貴。","
計算聰明，才智有餘？文武兩通，兒女早產防克；結婚當晚，財運氣好，家花野花，警慎為佳？女人自珍，賢慧發福！
","
戊是陽之土,母之大地的土,也可以說是河川邊堅固堤防之土,或為車道上幹硬的黃土,支撐巨木或森林,阻擋水的奔流,守護人為的通行是它的功用。<br />戊日生的人因此很守信義,重視節操,具有偉人的風格。然而其反面則因是暴露在人前的陽性土,雖然粉飾外觀,但內在卻粗野暴躁,欠缺思慮。<br /><font color=""#0000ff"">戊子日的運勢不像戊寅那麼強,若能隨波逐流,保持和平,或可得到意想不到的發跡。</font>","這型男性對戀愛表現了極大的包容力，不但不會去拘束對方的行動，而且採取悠閒無為的態度，雖然和對方交往了一段時日，卻從不想去確定她是否真的對他有意。<br />戊日生的男性很大而化之，他們多半不會費神去記女友的生日，就算贈送禮物也已很遲鈍送出，常令對方焦躁不安，但他們並非真心如此，而是天生不伶俐。<br />這類男性大都採取被動的戀愛方式，甚少主動求愛，然而有些女性偏對這種悠閒自得的態度著迷不已，所以他常有機會遇到女性的追求。有時甚至會同時受兩位女性的倒追，不過因其本性使然，總能不慌不忙的選擇。由於這型人不修邊幅也有人愛，所以很少修飾門面。","戊的人天生就有安全、信用、信賴的優點，所以不論在任何行業，大都身居要位，穩固基礎，承受工作重壓力就是這種人的職業性向。進入信用第一的銀行、保險、證券業也是戊的特徵，由於戊的人對金錢不會起野心，再加上細心的理財能力，所以錢可以放心的託付給他，他決不會亂運用金錢去從事利滾利等危險的行當。因此，戊的人理所當然的在公司中擔任經理或資金運用的相關職務，特別是其穩重的特性，往往能成功的長期經營事業，有許多戊的人成了政治家、事業家等大人物。戊屬土性，因此與土有關的事業都適合，如農林業、土木建築業、石材等。<br />若與土木有關的事業最好盡可能的大規模從事，越大就會越發。<br />土又有藏之意，所以倉庫業也很合適。壬年生的人特別適合掌管金融財政，多半擔任企業中的經理重任。","土有通藏的意味，所以戊日生的人在財產上大都有相當的儲蓄，此外土又指不動產，因此頗受財運之惠。這型人多半繼承大片的土地，有長期安定的利息，不需四處奔忙操勞，自然會有十分豐裕的增值。因此，他們大都出身富裕然而事實上卻多屬不會活用財產的人。<br />由於受置不管就會增值的不動產之惠，所以戊的人也很少去考慮如何賺更多的錢，人們常說“富不過三代”，還是不要坐享其成較好。","戊日生的人看似心寬體胖，與疾病無緣的模樣，事實上他的大腹中積存了疾病的種子。戊五行屬中，戊要注意腹部的緣故。因此，首要留意的是胃腸病、胃癌等病。此外，也有膝下疾病或狐臭的暗示。"
"27","己丑","

和緩,謹慎,心靈手巧,但疑慮多,欠果斷。容易因情耗財,防止被人牽著走。

","[己丑][中等]通根，比丁丑好，生於得令時為強，比肩奪財爭鬥，生於失令時則有兄弟幫忙。","
口快心直，通技藝人，能掌實權，誠意待人，博得眾望，衣祿不少；男人防再娶，家庭當和睦相處。女人晚年發福。
","
己字與紀有關,意指在繁絲中理出的頭緒,或是枝葉茂密中頭角崢嶸的一枝獨秀。因此,己給人的感覺是事物的軸心,或擔任引爆劑般的中心角色。<br />此外,己又有自己、克己等說法,可見己就是指自己本身,這和土在五行中居中心位置有關,由於陽土的戊過於強調自我主張,因此己也愛表現自己。<br />己是陰土,意指被森林覆蓋、隱藏或被農作物遮擋而看不見的地面,這些土壤可說都是用來培養植物的軟土。因此,己日生的人都具有殷實農夫般的木納及溫和的品格,然而既是隱藏的土,則多半視野狹窄,頗受猜疑,如果猜疑過度會變成孤僻的人。<br /><font color=""#0000ff"">己醜日出生的人不太會說話,有些陰鬱的感覺,但仍具有木納、中庸的品格,運勢少有變化。</font>","己日生的男性非常木訥，不擅長主動追求女性。對於機靈的安排約會，利用男性氣概吸引女性關心等技巧一概一竅不通，反映出耿直的戀情。不過這種性質反而激起女性的母性本能，因而意外的多有豔遇機會，這種類型的男性常有現成的飯菜可吃，因為許多女性會到他們的單身公寓打掃、做飯。就連當推銷員時，訥訥拙言型的人一般都比話說得天花亂墜型的人績效好，這種較為人接受的老實性格，使他們情場或商場都能創下佳績。不過，庚年出生的人卻有主動積極追求的傾向。","認真、正直、孜孜不倦地鑽研一件事物是己的特性，可謂無人能出其右，就算每日重複做相同的工作也不會厭倦。一般的職務大都可以勝任，但最好從事能活用某種特定技術或機械性原理的工作。此外，因具有無名英雄的潛能，所以打字員、語言促進師、總機等專門性工作也合適。<br />研究所的技師、研究員等腳踏實地地貢獻成果的職務很適合己的人。也有些人在傳統工藝界發展，圍棋名將林海鋒就具有己的特性。<br />如前所述，戊對土木或不動產很在行，而己則活躍於土的加工行業，如陶瓷器業、煉瓦業、耐火材料等，它們都與窯業有關，因此玻璃業也含在其中。與地下相關的職業也可列入考慮，如地鐵事業、大廈管理員、停車場管理員。壬年生的人相當理智，由於他能聚精會神地勤勉工作，因此得以發揮己所具備的老實，沒有人比他更適合擔任金庫守衛，非常值得信賴。","儘管同屬土性，戊的人較傾向花錢；而己則會專心一意地存錢。這種類型的人既不想花大錢，也不想用小錢，很擅長節衣縮食過生活。一旦有人向己借錢，他會很巧妙地拒絕，貫徹實行金錢第一的信念。<br />己的人對金錢的感覺非常出類拔萃，很長於運用資產，其能力不輸銀行的職員。他們很喜愛購買有獎證券等，情願存錢也不把錢花在無謂的遊玩上。由於扎實的儲蓄，賺取滾雪球式的利息，將可過個安穩的老年生活。","己日生的人看起來動作遲鈍，或氣色很差，談不上健康的模樣，但他卻有很好的抵抗力，對抗病魔也有韌性。己的共通疾病是腸的問題。腸膜炎、腸癌等是最需要注意的疾病。此外，可能也有蛔蟲的煩惱。其他尚有肝臟病、神經痛等暗示。"
"28","庚寅","

積極進取,勇敢果決,自尊心強,有才能,善於結交各方面朋友,平衡、穩重,但過於操勞,防止被別人耍花樣、弄權術而迷惑受騙受害。

","[庚寅][中等]坐絕地，無根，蓋頭（幹克支），女命克夫再嫁，做偏房可以，男命庚寅不善終，但坐殺印有開拓精神，為官多清廉，支藏偏印宜做副手。","
心性急快，有口無心，大事有藏；易好易怒，性情反復無常，傷人還不知道；易結人緣，也易失人緣，衣祿足用；早年不娶財物，中年奔波，晚景豐隆。女人內助，好事發達，勤儉有得。
","
庚是陽之金,意指藏在地中含有豐富金屬的礦石,庚的人因此擁有如礦石般的剛直性格,此外經過鍛煉,打鐵成鋼可製成刃的鋒利快刀就是庚的特性,不過就像剃刀一樣,雖然鋒利卻稍嫌單薄。或許因為如此,庚日生的人在人品上有其保守的一面,然而不可思義的是世人卻給他超越實力的高評價。不過,庚的人熟知自己的缺點,為了配合世人的評價異常努力,所以實像和虛像之間並無很大的差距。<br />庚的人在無意識中不斷地鍛煉自己可能是與生俱有的宿命使然吧!<br /><font color=""#0000ff"">庚寅日生的人有樂天、活潑的長處,然而運勢卻不若自己想像的那麼好,所以不可掉以輕心,要切記時時努力!</font>","庚日生的男性有十足的男性氣概，外形大都屬肌肉型硬漢（也有例外），性格則硬如鋼鐵，從抽煙的方式、步行的方式，以至飲酒的方式，無一不充滿“冷漠男子”的氣質，非常性感，因此，身邊始終有不少仰慕者，甩都甩不掉。<br />庚日生的男性就算外型上不是肌肉型男子，他們的內心大概也都真率，可以說一根腸子通到底，所以不喜歡細水長流式愛情是他們的特徵之一。<br />這種類型的男性的內心還藏了另一個特色，那就是一旦對方舉止太過親密時，他會立刻甩掉她。如果激怒了他，他才不管是否美如天仙，照樣抱以老拳。","庚日生的人反應靈敏，頭腦敏銳，特別適合從事員警、檢察官或與防衛相關的工作。從警戒完備這點來看，很容易令人聯想到保鏢。日本影視界有名的男演員丹哲郎和渡哲也都是庚日生的人，而他們所扮演的刑警或保鏢角色使他們多年來一直深受影迷喜愛。<br />由此看來，庚的人適合在官場，技術方面或金屬工業界等特別堅實的行業中從事工作。庚屬金性，因此可考慮以鋼鐵業為首的金屬、造船、車輛、動力機械、電機等事業。就算不在上述關係的公司工作，也可適當的轉職，例如原本在木材關係的職位，一旦調往鋼鐵部門，會開始有異於往常的活動。從金屬的意味而言，刃物也包括在內，所以庚也適合從事外科醫生或齒科醫生等職業。<br />甲年庚日生的人易成領導，會是個嚴厲的上司，就算當老闆，也不是個溫情主義的老闆，一切會以軍事化的方式統領。","庚雖屬金性，卻不愛死存錢，性格耿直，重視義氣，就算傾囊付出，也要幫助他人，不為錢拘束。假設自己手頭不便，也會向別處借錢以救人急。因此，與財運緣淺，如果自己不留意，根本不會擁有大量的金錢。不過這就是庚日生的人的特徵，一旦壓抑它，恐會失去性格上的一大優點，只要稍稍收斂一些過於勉強的交際應酬就無大礙。<br />庚日生的人當中要屬已年的人最幸運因已有財產的意味。丙年生的人不太會分好壞，火性不擅長儲錢，所以沒有財力。此外，經過實際的調查，發現辛年的人大多是“吃、喝、賭、買”遊戲人間的人。","庚日生的人，由於“金”是主管肺臟、四肢、鼻、骨，一旦健康受損，立刻障凝四起，除了有腸膜炎、腸結核等暗示外，還有肺炎、風濕症等須要提防。"
"29","辛卯","

沉著坦直無私,待人接物,認真細緻,腳踏實地,但溫柔敦厚而寓涵固執,有些自信,勞碌奔波歡快。

","[辛卯][下等]坐偏財，桃花，男命喜歡女色，女命稍好，但漂亮難禁風流（因既漂亮，又浪漫，對異性富吸引力）。","
口快心直，有志氣，有權柄，利官近貴，身閒心不空；六親少靠，自立家業，少年勞祿，晚年大利；女人持家，操勞，勤儉節約可興隆。
","
辛是陰之金,因此它比庚更能表現金的嚴厲。辛原是指罪人,由於它在秋決時又代表了斬人的刃物,所以給人狠毒的感受。<br />庚就像鐵礦石般原始,但辛卻象徵經過琢磨,精製的貴重金屬或珠玉,呈人工加工的狀態。若和鐵礦石相比較,辛較溫和;就連同樣提倡正義,公理的金的性格而言,辛也給人較平穩,聰明的感覺,以這種嚴厲、溫和相對立的兩個要素為根底的辛,應可看出自己頗亂的兆頭,那就是破壞、改革的暗示。<br />庚通更、辛通新,經過後來的整理,可發現辛本年的事變特別多。此外,辛年出生的人除了私人性的世事變化無常外,也象徵扮演改革時代的角色。<br />辛日生的人可比喻作沙金,僅管外表柔弱,內在卻暗含堅硬,很擅長帶刺的嘲諷,多是毒舌家。由於陰氣之故,易造成偏頗的個性,但偶而也會採取斷然的行動,一旦這種行動力表現得過強時,會成為“齊迫”型的人物。<br /><font color=""#0000ff"">辛卯日生的人很難表現自己好的一面,如知性、美意識或內在穩藏的堅強,運氣始終衰敗。</font>","這種類型的男性頗陰鬱，就算自己喜歡的女性出現，他也不肯表白自己心意的傾向很強烈。由於他不會沉溺於愛中，所以在談戀愛時，會優先考慮“愛會使我向上嗎？”或“愛情與人生的目標有何關係？”等理論。因此，他十分受喜歡窮根究理的女性吸引，特別是傾心於堅持自我主張的職業女性。<br />這種男性根本上否定母性，強調自我存在的意義，本能上對愛不置評價，面對戀人時也是以清醒的眼光去觀察。<br />偶而他會以完全陌生的第三者般的態度，去對待交往已久的戀人，甚至出口諷刺人，使對方懷疑他是否真心而冷卻感情。不過，辛日生的男性決不會忘記對方的生日，當天一定致贈禮物，以表示自己一絲不苟。","辛和庚一樣具有金的敏銳特質，不過辛屬陰，因此它的敏銳較有粘著力。若要發揮這種特性，可考慮教育界、編輯界或文藝界。庚暗示鐵或重工業，而辛則意味精密機械、化學機械、計算機械、光學機械等輕、細工業，此外，鋁等輕金屬或非鐵金屬業也很適合辛的性格。<br />辛的人應往金屬加工溶接、電鍍、金屬雜貨的製造、貴重金屬裝飾等業界發展，非常容易發揮所長。雖然辛給人硬物的印象，但丙年出生的人卻有柔軟的一面，就算當員警，也多半是牽老年人過馬路或給兒童們觀賞交通安全卡通漫畫的女警。","辛與庚同屬金性，所以也重視正義，讓義理，不過，庚太過正直，辛就比較能夠融通。他和不善錢的庚不同，很有些小技巧營利。像在不動產方面就很能發揮所長。便如分租公寓，或在小小的空地上能自動販賣機，頗能掌握要領，有受金錢之惠的暗示。自己若不直接經營生意，也會借錢給他人賺取利息，頭腦非常靈活。<br />戊年生的人有“土中金”之意，應該會儲蓄，不過土中金就如庭院中出現鯊魚一樣，未必是不可能實現的夢。這種類型的人有可能在前代先人的收藏中，發現價值連城的古畫。","辛日生的人給人的印象是精幹瘦削，欠缺體力，談不上是非常健康，但比起戊或己的人卻要好得很多。"
"30","壬辰","

心胸寬廣,機智靈敏,喜歡照顧他人,聰明,有官運,或者駕馭他人,但是為人操勞,衝動易怒。

","[壬辰][中等]坐水庫通根身旺，坐下有劫財生食，食神制殺，身旺用殺，主貴。壬辰日為壬騎龍背，亥時生，為龍歸大海，主大貴，午時龍死為下等。","
勞祿之人，手足無時停；早年難守，財來財去，晚景發達。女人操家，勤奮興旺。
","
壬是陽之水,有滔滔大江之勢,得天獨厚的雄才大略使壬的人能毫無顧慮地橫掃世間。巧妙處理人際關係的能力無人出其右,在營業或外交場上得意自是理所當然。由於反應靈敏一拍就響,所以很快的就跟上對方的步調。<br /><font color=""#0000ff"">壬辰日生的人極具自信地闖蕩人世,運勢雖然平穩,但恐有濫用金錢之處。</font>","這種類型的男性有知性的魅力，稍帶憂鬱的氣質很受異性的歡迎。凡是追求他的女性，他一概來者不拒，一個星期可能和七個人約會。此外，因他具有果敢的行動力，所以也常會主動邀約他人。<br />壬日男性很擅長“一夜風流”，從吃飯、飲酒到飯店這一個過程視以知性的背景，製造了絕妙的氣氛，使他們無往不利。由於自由的戀愛觀，使他們甚少有從一女性而終的心態。","壬日生的擁有水流的快速與智慧，壬的職業運就潛在這性質當中，由於智慧的凝聚，因此壬的人適往需要豐富點子或創造力的企劃、文案部門發展。再加上他能機敏的判斷狀況，在一瞬間取得靈感，所以設計師或文案撰稿員等職業是非壬莫屬，而企劃部或宣傳部更是需要他的頭腦。<br />這種類型的人也很擅長教育、文化、藝術等方面，能夠發揮獨一無二的創造力。特別是壬全身洋溢著智慧，若當學者或研究者必能提供一流的成果，他們多半不會關在研究室中默默發表成績，而是活躍於與輿論傳播界，傾向于領導某種團體理論。在公司或組織中壬多從事研究部門。水也象徵流通，因此壬的人也有因為利用這個特性而成功的開創事業的例子。<br />壬有大河的暗示，所以水利或水方面的職業也很適合。壬年生的人最能發揮壬日生的本能，雖然運勢過強恐會脫軌，但因其一身本領的優點超群，因此在任何行業都能如魚得水的活躍。","壬的本質是如流水般運用、流通金錢。因此壬日生的人擅長於活用資金，錢上滾錢。由於這種類型的人能在腦中迅速盤算錢的去路，確知多少年後能有多大的財產，所以尚無人比他更正確地培育金錢。<br />壬日生的人有數字概念，頭腦轉的快，點子又多，單單運用利息，恐怕無法獲得滿足。因此這型人常在流動快速的股票市場上決勝負。不過，點子不一定都能奏效，所以壬的人若不注意，將會過度相信自己的腦袋而招致失敗。一心想站在時代的前端，而大量投資開創事業，終致基礎崩潰，最後落得一無所有是壬常見的現象。<br />戊年壬日生的人雖然沒有靈敏的金錢感覺，但只要不奢侈，大都衣食無慮。","水是知性的代名詞，因此壬日出生的人平日就對健康管理十分注意。不過，自古以來水和性就有很深切的關係，所以要對該方面非常警戒。"
"31","癸巳","

逞強頑固,是努力家,有耐力,熱情大方,聰穎機靈,但心地狹窄,容易小氣。

","[癸巳][上等]身坐正官正印正財，財官印連生，迴圈清正，主高貴富貴或清貴，且身康體健有錢，生活富裕，女名癸巳，可嫁貴夫。","
聰明伶俐，近貴人，中年風霜，春風之徒；慎重守護已成之事業，可暫發福；三月生時敗，被人反睦，晚景好。
","
癸有測量之意,水之阻的癸是指隆冬之時,草木枯萎一望無際,因而便於測量。<br />有別于壬的大河性格,癸是指小溪,水溝的細細水流、池沼混濁的水,或在草木葉上棲息的露水。壬可以說是表現之水,而癸則是底層的深水,水的表面儘管明亮,但光線卻很難射入水底,因此癸的人在內心深處始終穩藏了神秘的性格。<br />癸日生的人性情平等、順從,重視默默的努力,但是當努力不為人接受時,忍耐到極點後會爆發怒氣。由於善於察言觀色,並加以協調配合,因而有旺盛的服務精神。<br /><font color=""#0000ff"">癸巳日生的人內藏相當的能力,不但能忠實的完成交付的任務,而且還能更進一步的發揚光大,極富獨立性。</font>","癸日生的男性有虛弱的一面，而它使戀情有了複雜的陰影。因為這虛弱在女性眼中成了無上的魅力，在“想保護”他的感情驅策下，進而締結戀情是常有的事。<br />這型男性不會直接示愛，他把認識的女性全當成女友看待，多少有一點“沉默寡言”的傾向。<br />癸日的男性對異性的追求很熱衷，有時會對異性糾纏不休。此外，這型人也有官能倒錯的傾向，有時會性倒錯而想成為女性。","癸意味著地下水，因此他不會在人們看到的地方活動，而是在某個深處樸實工作，有許多保守的研究者是癸日出生的，他們不是愛女學生歡迎的王牌學者，而是樸實的累積成果。<br />由於洞察力非常敏銳，很適合參謀工作，在團體中如果立他為副領袖，可以發揮智慧推展許多活動。在公司或組織中，癸型的人都擅長訂定計劃，並會完美的達成任務，加上他十分擅長於預先準備好各方面有利的話而圓滿達成交涉，因此多活躍于幕後，成為所謂的謀士。<br />水的流通也意味錢的流通，五行中土是不動產，而金則為動產。依此看來，癸很適合往金融業發展。此外，若論流通，人來人往的百貨公司、超級市場、交通業、旅遊業等也非常合適。<br />癸的人特別擅長對人服務，因而介紹人、顧問、販賣報紙等以服務為主體的行業全部都很適應。特別是甲年生的人最能發揮癸的服務性，飯店業、理容業也是這型人的得意業。<br />服務業中凡是利用水性的行業如咖啡廳、酒吧點心店、餐廳、小吃店等都沒問題。清涼飲料、牛奶、酒類業更是沒話說的適合。此外，需要大量水的溫泉、浴場、洗衣店等也是癸可選擇的行業。水也可廣義的解釋成液體，因此也可考慮石油、汽油販賣等相關職種。","癸也屬水性，有很好的洞察力。這種類型的人多勤勉努力，不靠洞察力或先見力。也能夠聚集努力的結晶，擁有錢財或不動產。賺得快花得快是人之常情，但這種類型的人卻例外，錢財一旦到手，就會慎重、踏實的處理。<br />例如在公司舉辦的“意見競賽”中奪魁而得到的獎金，癸的人會把它存起來當成結婚資金，決不會把它用在吃喝上。想來這種類型的人深知“聚沙成塔”的各種滋味，知道錢的好處多多。除了正式的工作外，他們多半也嘗試各種打工增加副收入。","癸位居十幹之末，從健康運來看，已呈疲勞的狀態。不過，他同時又孕育十幹之首的甲，所以內含精力。儘管外觀虛弱，但仍有十分強的健康運。<br />癸中要屬己年和乙年生的人最須留意，不要太過勉強自己，一旦覺得疲勞，應立刻休息。<br />概括來說，癸的人較容易惟患腎臟系統的疾病。面呈黑色的人更須特別注意。"
"33","丙申","

熱情豪爽,自信好勝,善言健談,欠缺沉著,但情緒不穩,衝動易怒,缺乏仔細、認真。

","[丙申][中等]身弱無根，妙在丙火太陽，坐下食神生財，財生殺，壬水殺旺，映照太陽光輝，主人聰明靈氣。但殺旺攻身，老來孤獨，一輩子辛苦，不能坐享其成。","
衣食豐足，利路亨通，技能生財；早年勞祿，女人持家，勤儉節約，旺相發達。
","
丙是威勢猛烈的陽之火,熊熊的燃燒能令鐵為之熔化。因此,丙日出生的人精力充沛,猛勢所至之處可得權威與名聲,會傾出所有的熱情追求自己的理想。<br />光明正大的丙有不能隱瞞事物的短處,因而有時會聒噪的訴說或傾吐自己的心事。<br />丙的性格就像火一樣,瞬間燃燒又倏地消滅,此外,由於自認才智過人,多半成懶惰者,總想自己擁有滿腔的熱情就已足夠,毋須認真努力。<br /><font color=""#0000ff"">丙申日生的人頭腦轉得很快,不停地追求新事物,到處都插一手的結果,使人對他的評價不佳。這種漫無目標的奔忙,毫無任何成果,自己應及早覺悟性格上的缺陷。</font>","丙日生的人都是熱情的戀人，一旦喜歡某個人，會毫不猶豫地積極追求，而這種果敢正是這型人的利器。初次會面，只要判斷是“自己喜歡的類型”，一般就會省略寫信或打電話等磨蹭的手續，直接向對方提出邀約。<br />這種類型的男人多戀情，有妻妾同居的熱情傾向，擁有超越常識範圍的開放戀愛觀，他能在同時期和各種不同類型的女性大談各種不同的戀愛，其技巧之高堪稱行家。<br />說他能幹是好聽的話，事實上難以控制逾越正是火的性質，一旦“談戀愛”的傾向增強，雖然不甚有興趣，但仍會追求別人的女友，或勾引上司的太太以致出現危險的局面。由於到處亂播火種，又不留意是否會被灼傷，最後終會導致以愛為主的局面。","這種人就象熊熊燃燒的烈火，天生擁有很好的說服力。丙性質的人最適合從事推銷員工作，只要抓住機會，就會猛烈地發揮優秀的口才說服他人成功。依此看來，丙很適合律師、教育家或宗教家等職業。遇上這種人，就連閉得再緊的貝殼，被如此熱情的猛火一烘，也會在不知不覺中打開蓋子。此外，需要耀眼才華的藝術家或藝人也是丙日生的人的特長，他們都有天才性的發展，如日本歌星美空雲雀在少女時代就已登上歌謠界的女王寶座，日本漫畫高手手塚治蟲也是此型的明例。<br />由火的暗示來看，使用火的烹飪工作非常合適，飲食事業雖與水相關，但很多火的人也活躍在這個業界中，高熱燒土的陶藝家也是合適的工作方向，處理鍋爐與內燃機的工作與火性質相合。<br />火又有能源的意味，所以瓦斯、石油、煤炭等業界，或電力相關事業都很可行。此外，電器或光學事業也含火性，是丙適合從事的職業。就熱情的個性而言，運動員可盡情發揮，尤其是丁年的人生來就有競爭性更是完美的選擇。","丙日生的人天生熱情洋溢、行動奔放，所以身上很難放著錢不用，這種類型的人認為錢是給人用的，賺得多用的更凶，在百貨公司看中的裝飾品，會毫不猶豫的買回家。不過這種情形反而對丙有利，如果勉強儲蓄，致使自由自在的行動受阻，氣勢削弱，易生危險。<br />崇尚自然的丙若能發揮自由的特性，自力更生以應付開銷，才是最理想的生活方式，一旦惜物後，會喪失“火之兄”的特性，光華盡失。<br />丙日的人要想維持無虞的生活，最好始終讓身邊充滿華麗的氣氛，萬一生來小氣，欠缺和人交際則此星的光輝消失，最後窮神將找上門來，自由的金錢觀才能支持丙活力充沛地享受人生。","丙日生的人太過放縱自己，根本不會有所保留，因此這種類型的人壞自己身體的大有人在。就象連續的徹夜工作、酗酒等超出極限之外的事，導致身體報銷。<br />丙日生的人容易罹患的疾病有心臟病、眼病、胃腸病、肺病、神經痛、婦科病等。特別是壬年出生的人，由於生命之火正面被水澆下，所以恐有重疾。此外，戊年生的人平常的身體某處會被疾病侵蝕，須多留意。"
"34","丁酉","

敦厚樸實,重信守義,但任性逞強,防止受騙,有時缺乏耐力,辦事易半途而廢。專勁不夠。

","[丁酉][上等]坐長生偏財、夜貴、文昌，主人高貴聰明，見識超群，受人欽敬，另有叛逆創新性格。","
喜好面子，多情重恩，緣份奇特；利官近貴，初年勞累，身閒心苦。晚年興隆，子女有為；女人清秀吉昌，半夫半財，自立成功。
","
丁字在字典中僅次於一,排在第二位,擁有特異的地位。史記、律書中記載“丁者,言萬物之丁壯也”。它就像樹頂上枝葉茂盛的狀態。<br />古時到達徵兵年齡的人稱作壯丁,也有丁年的說法,意指男子成丁之年(二十歲),漢書、嚴安傅中載有“丁男被甲,丁女轉輪,苦不聊生”,丁女也指成年的女子。這種旺盛的力量也是來自火性。<br />丙丁雖同屬火,但丙像太陽,而丁則像夜空中閃爍的星星,或者可說火之兄是熔爐中卷成漩渦的火花,而火之弟則是祭壇上的燭火。因此丁的性格是屬乾脆、內藏熱情型。頭腦轉的快,極富進取精神,是個幾近狡猾很會鑽營的人。然而丁的人偶而會無法克制內在的激烈與表面的溫和所引起的衝突。由於長久被他人評定為“溫和的人”,自己也儘量扮演這個角色,但某個時候會突然暴露自己的衝動。<br /><font color=""#0000ff"">丁酉日生的人運勢的振幅太過激烈。這類人最好避免以自我為中心,徹底當一個配角或參謀,如此可以確實提升自己的運勢。</font>","這種類型的男性會使戀情持久，他不象丙以瞬間的爆發力來決定戀愛的勝負，一旦他對某一個女性萌生戀情，就會像炭火般，自內心持續熱力，火苗很難消失，他的戀情也不是以肉欲為起點，而是著重于和對方心靈相通的喜悅，就算是個短短的約會，如果能眉目傳情即以心滿意足。<br />丁日生的男性相信一種神秘的緣份，十分重視彼此的邂逅，象在無意中進入的咖啡廳中巧遇女服務生，他也會有命中註定的感覺，此外會深受占星術書中的暗示所影響，這些特徵都與動物性的本能相結合。","丁字有“燭燈”的暗示，燭火搖搖曳曳，雖然火光不大，卻都是由內心發出，因此這類人多選擇宗教、信仰等職業，進而在婚喪喜慶或福利事業界活躍，即使自己的職業與福利無關，也會花很多時間從事義工活動。<br />火屬藝術或學術文化的性質，因此丁的人很自然的會朝音樂、繪畫、書法、花道、茶道等方向發展，如果廣義的詮譯藝術活動，電影界也可包括在內，世界級導演黑澤明就能把這種特性發揚光大，此外，丁的人也可考慮樂器、唱片、玩具、模型、玩偶等與趣味娛樂用品相關的事業。<br />火的人擅長藝術或娛樂事業，但丙多是活躍于表面的藝人，而丁則適合從事幕後工作，如成為經紀人或製作人，尤其以庚年生的人最適合當協助性的經紀人，因他不會被對方或工作引入歧途，而能冷靜的處理事務。","丁的人擁有一顆超越金錢的心，由於不善計較得失，反而會因金錢之事傷害周圍的人。他人認為十分龐大的金額，在丁的人眼中根本不當回事，就算向人借來暫用，也會因忘記歸還而造成他人的困擾。<br />不過也有完全相反的例外出現，他們會對金錢十分執著，由於丁天性淡泊金錢，所以儘管執著，也還算不上是個吝嗇鬼。但他們往往以“金錢不是萬能”為理由，善於計算到了接近失禮的地步。","丁日生的人雖沒有旺盛的生命，但因擁有穩重的長處，會自己照料生活，所以反而多是健康的人。這型人擅長於擊退輕症小病，有心臟病的暗示，特別是狹心症或心臟瓣膜症。此外，也須注意肺炎、肋膜炎。"
"35","戊戍","

有積極性,幹一行易於對事物熱衷,但性急,任性而逞強。好勝,欲望高,不滿足感強烈,個別時候小氣。

","[戊戌][中等]坐庫通根，土太燥，吉帶凶。魁罡主人心直口快，臨事果斷，也主聰明，文章振發，但不會用陰謀，常得罪人。","
為人和氣，獨立自營；早年顛倒運程，是非耗財；中年貪求，欲望高昂，遭人妒忌，自重；苦學技藝，工夫之命。女人育養，中平之命運。
","
戊是陽之土,母之大地的土,也可以說是河川邊堅固堤防之土,或為車道上幹硬的黃土,支撐巨木或森林,阻擋水的奔流,守護人為的通行是它的功用。<br />戊日生的人因此很守信義,重視節操,具有偉人的風格。然而其反面則因是暴露在人前的陽性土,雖然粉飾外觀,但內在卻粗野暴躁,欠缺思慮。<br /><font color=""#0000ff"">戊戌日生的人很少暴起暴跌,運勢平穩,但在金錢方面卻有很顯著的特徵,那就是不論奢侈或小氣,都是極端中的極端,這種偏激的態度須多留意。</font>","這型男性對戀愛表現了極大的包容力，不但不會去拘束對方的行動，而且採取悠閒無為的態度，雖然和對方交往了一段時日，卻從不想去確定她是否真的對他有意。<br />戊日生的男性很大而化之，他們多半不會費神去記女友的生日，就算贈送禮物也已很遲鈍送出，常令對方焦躁不安，但他們並非真心如此，而是天生不伶俐。<br />這類男性大都採取被動的戀愛方式，甚少主動求愛，然而有些女性偏對這種悠閒自得的態度著迷不已，所以他常有機會遇到女性的追求。有時甚至會同時受兩位女性的倒追，不過因其本性使然，總能不慌不忙的選擇。由於這型人不修邊幅也有人愛，所以很少修飾門面。","戊的人天生就有安全、信用、信賴的優點，所以不論在任何行業，大都身居要位，穩固基礎，承受工作重壓力就是這種人的職業性向。進入信用第一的銀行、保險、證券業也是戊的特徵，由於戊的人對金錢不會起野心，再加上細心的理財能力，所以錢可以放心的託付給他，他決不會亂運用金錢去從事利滾利等危險的行當。因此，戊的人理所當然的在公司中擔任經理或資金運用的相關職務，特別是其穩重的特性，往往能成功的長期經營事業，有許多戊的人成了政治家、事業家等大人物。戊屬土性，因此與土有關的事業都適合，如農林業、土木建築業、石材等。<br />若與土木有關的事業最好盡可能的大規模從事，越大就會越發。<br />土又有藏之意，所以倉庫業也很合適。壬年生的人特別適合掌管金融財政，多半擔任企業中的經理重任。","土有通藏的意味，所以戊日生的人在財產上大都有相當的儲蓄，此外土又指不動產，因此頗受財運之惠。這型人多半繼承大片的土地，有長期安定的利息，不需四處奔忙操勞，自然會有十分豐裕的增值。因此，他們大都出身富裕然而事實上卻多屬不會活用財產的人。<br />由於受置不管就會增值的不動產之惠，所以戊的人也很少去考慮如何賺更多的錢，人們常說“富不過三代”，還是不要坐享其成較好。","戊日生的人看似心寬體胖，與疾病無緣的模樣，事實上他的大腹中積存了疾病的種子。戊五行屬中，戊要注意腹部的緣故。因此，首要留意的是胃腸病、胃癌等病。此外，也有膝下疾病或狐臭的暗示。"
"36","己亥","

和緩,謹慎,心靈手巧,但疑慮多,欠果斷。容易因情耗財,防止被人牽著走。

","[己亥][上等]坐正財正官，為財官雙美，主貴。女命己亥，也可嫁貴夫。","
計巧伶俐，衣食安穩，骨肉少力，六親冷淡，兒女早見刑克，遲到稍好；夫妻和順。女人清閒，晚年好。
","
己字與紀有關,意指在繁絲中理出的頭緒,或是枝葉茂密中頭角崢嶸的一枝獨秀。因此,己給人的感覺是事物的軸心,或擔任引爆劑般的中心角色。<br />此外,己又有自己、克己等說法,可見己就是指自己本身,這和土在五行中居中心位置有關,由於陽土的戊過於強調自我主張,因此己也愛表現自己。<br />己是陰土,意指被森林覆蓋、隱藏或被農作物遮擋而看不見的地面,這些土壤可說都是用來培養植物的軟土。因此,己日生的人都具有殷實農夫般的木納及溫和的品格,然而既是隱藏的土,則多半視野狹窄,頗受猜疑,如果猜疑過度會變成孤僻的人。<br /><font color=""#0000ff"">己亥日出生的人可以比作濕泥,是真正的陰土,雖然沒有活潑之處,但有發明創造的智慧。</font>","己日生的男性非常木訥，不擅長主動追求女性。對於機靈的安排約會，利用男性氣概吸引女性關心等技巧一概一竅不通，反映出耿直的戀情。不過這種性質反而激起女性的母性本能，因而意外的多有豔遇機會，這種類型的男性常有現成的飯菜可吃，因為許多女性會到他們的單身公寓打掃、做飯。就連當推銷員時，訥訥拙言型的人一般都比話說得天花亂墜型的人績效好，這種較為人接受的老實性格，使他們情場或商場都能創下佳績。不過，庚年出生的人卻有主動積極追求的傾向。","認真、正直、孜孜不倦地鑽研一件事物是己的特性，可謂無人能出其右，就算每日重複做相同的工作也不會厭倦。一般的職務大都可以勝任，但最好從事能活用某種特定技術或機械性原理的工作。此外，因具有無名英雄的潛能，所以打字員、語言促進師、總機等專門性工作也合適。<br />研究所的技師、研究員等腳踏實地地貢獻成果的職務很適合己的人。也有些人在傳統工藝界發展，圍棋名將林海鋒就具有己的特性。<br />如前所述，戊對土木或不動產很在行，而己則活躍於土的加工行業，如陶瓷器業、煉瓦業、耐火材料等，它們都與窯業有關，因此玻璃業也含在其中。與地下相關的職業也可列入考慮，如地鐵事業、大廈管理員、停車場管理員。壬年生的人相當理智，由於他能聚精會神地勤勉工作，因此得以發揮己所具備的老實，沒有人比他更適合擔任金庫守衛，非常值得信賴。","儘管同屬土性，戊的人較傾向花錢；而己則會專心一意地存錢。這種類型的人既不想花大錢，也不想用小錢，很擅長節衣縮食過生活。一旦有人向己借錢，他會很巧妙地拒絕，貫徹實行金錢第一的信念。<br />己的人對金錢的感覺非常出類拔萃，很長於運用資產，其能力不輸銀行的職員。他們很喜愛購買有獎證券等，情願存錢也不把錢花在無謂的遊玩上。由於扎實的儲蓄，賺取滾雪球式的利息，將可過個安穩的老年生活。","己日生的人看起來動作遲鈍，或氣色很差，談不上健康的模樣，但他卻有很好的抵抗力，對抗病魔也有韌性。己的共通疾病是腸的問題。腸膜炎、腸癌等是最需要注意的疾病。此外，可能也有蛔蟲的煩惱。其他尚有肝臟病、神經痛等暗示。"
"37","庚子","

積極進取,勇敢果決,自尊心強,有才能,善於結交各方面朋友,平衡、穩重,但過於操勞,防止被別人耍花樣、弄權術而迷惑受騙受害。

","[庚子][下等]坐傷官，女命適宜晚婚，否則於事業家庭有阻礙。干支金水相生，人秀麗聰明，但耿直，講義氣。做官宜公檢法部門。","
尊重安穩，衣祿無虧，妻子賢慧，持家有方，建交貴人，提拔機遇，逢凶化吉。女人興旺，福蔭家庭。
","
庚是陽之金,意指藏在地中含有豐富金屬的礦石,庚的人因此擁有如礦石般的剛直性格,此外經過鍛煉,打鐵成鋼可製成刃的鋒利快刀就是庚的特性,不過就像剃刀一樣,雖然鋒利卻稍嫌單薄。或許因為如此,庚日生的人在人品上有其保守的一面,然而不可思義的是世人卻給他超越實力的高評價。不過,庚的人熟知自己的缺點,為了配合世人的評價異常努力,所以實像和虛像之間並無很大的差距。<br />庚的人在無意識中不斷地鍛煉自己可能是與生俱有的宿命使然吧!<br /><font color=""#0000ff"">庚子日生的人是個頭腦好的硬漢子,可惜自己無法隨心所欲的行動。</font>","庚日生的男性有十足的男性氣概，外形大都屬肌肉型硬漢（也有例外），性格則硬如鋼鐵，從抽煙的方式、步行的方式，以至飲酒的方式，無一不充滿“冷漠男子”的氣質，非常性感，因此，身邊始終有不少仰慕者，甩都甩不掉。<br />庚日生的男性就算外型上不是肌肉型男子，他們的內心大概也都真率，可以說一根腸子通到底，所以不喜歡細水長流式愛情是他們的特徵之一。<br />這種類型的男性的內心還藏了另一個特色，那就是一旦對方舉止太過親密時，他會立刻甩掉她。如果激怒了他，他才不管是否美如天仙，照樣抱以老拳。","庚日生的人反應靈敏，頭腦敏銳，特別適合從事員警、檢察官或與防衛相關的工作。從警戒完備這點來看，很容易令人聯想到保鏢。日本影視界有名的男演員丹哲郎和渡哲也都是庚日生的人，而他們所扮演的刑警或保鏢角色使他們多年來一直深受影迷喜愛。<br />由此看來，庚的人適合在官場，技術方面或金屬工業界等特別堅實的行業中從事工作。庚屬金性，因此可考慮以鋼鐵業為首的金屬、造船、車輛、動力機械、電機等事業。就算不在上述關係的公司工作，也可適當的轉職，例如原本在木材關係的職位，一旦調往鋼鐵部門，會開始有異於往常的活動。從金屬的意味而言，刃物也包括在內，所以庚也適合從事外科醫生或齒科醫生等職業。<br />甲年庚日生的人易成領導，會是個嚴厲的上司，就算當老闆，也不是個溫情主義的老闆，一切會以軍事化的方式統領。","庚雖屬金性，卻不愛死存錢，性格耿直，重視義氣，就算傾囊付出，也要幫助他人，不為錢拘束。假設自己手頭不便，也會向別處借錢以救人急。因此，與財運緣淺，如果自己不留意，根本不會擁有大量的金錢。不過這就是庚日生的人的特徵，一旦壓抑它，恐會失去性格上的一大優點，只要稍稍收斂一些過於勉強的交際應酬就無大礙。<br />庚日生的人當中要屬已年的人最幸運因已有財產的意味。丙年生的人不太會分好壞，火性不擅長儲錢，所以沒有財力。此外，經過實際的調查，發現辛年的人大多是“吃、喝、賭、買”遊戲人間的人。","庚日生的人，由於“金”是主管肺臟、四肢、鼻、骨，一旦健康受損，立刻障凝四起，除了有腸膜炎、腸結核等暗示外，還有肺炎、風濕症等須要提防。"
"38","辛丑","

沉著坦直無私,待人接物,認真細緻,腳踏實地,但溫柔敦厚而寓涵固執,有些自信,勞碌奔波歡快。

","[辛丑][中等]通根，坐下有印比食神，主人靈秀，女命辛丑身材好，秀氣，守家。","
心性溫和，初防驚恐，意外之厄；雖有衣祿，骨肉少力，晚年好，女人旺家，事多發達。
","
辛是陰之金,因此它比庚更能表現金的嚴厲。辛原是指罪人,由於它在秋決時又代表了斬人的刃物,所以給人狠毒的感受。<br />庚就像鐵礦石般原始,但辛卻象徵經過琢磨,精製的貴重金屬或珠玉,呈人工加工的狀態。若和鐵礦石相比較,辛較溫和;就連同樣提倡正義,公理的金的性格而言,辛也給人較平穩,聰明的感覺,以這種嚴厲、溫和相對立的兩個要素為根底的辛,應可看出自己頗亂的兆頭,那就是破壞、改革的暗示。<br />庚通更、辛通新,經過後來的整理,可發現辛本年的事變特別多。此外,辛年出生的人除了私人性的世事變化無常外,也象徵扮演改革時代的角色。<br />辛日生的人可比喻作沙金,僅管外表柔弱,內在卻暗含堅硬,很擅長帶刺的嘲諷,多是毒舌家。由於陰氣之故,易造成偏頗的個性,但偶而也會採取斷然的行動,一旦這種行動力表現得過強時,會成為“齊迫”型的人物。<br /><font color=""#0000ff"">辛醜日生的人看起來似簡單,只會隱忍服從,但事實上他也有很好的行動力。</font>","這種類型的男性頗陰鬱，就算自己喜歡的女性出現，他也不肯表白自己心意的傾向很強烈。由於他不會沉溺於愛中，所以在談戀愛時，會優先考慮“愛會使我向上嗎？”或“愛情與人生的目標有何關係？”等理論。因此，他十分受喜歡窮根究理的女性吸引，特別是傾心於堅持自我主張的職業女性。<br />這種男性根本上否定母性，強調自我存在的意義，本能上對愛不置評價，面對戀人時也是以清醒的眼光去觀察。<br />偶而他會以完全陌生的第三者般的態度，去對待交往已久的戀人，甚至出口諷刺人，使對方懷疑他是否真心而冷卻感情。不過，辛日生的男性決不會忘記對方的生日，當天一定致贈禮物，以表示自己一絲不苟。","辛和庚一樣具有金的敏銳特質，不過辛屬陰，因此它的敏銳較有粘著力。若要發揮這種特性，可考慮教育界、編輯界或文藝界。庚暗示鐵或重工業，而辛則意味精密機械、化學機械、計算機械、光學機械等輕、細工業，此外，鋁等輕金屬或非鐵金屬業也很適合辛的性格。<br />辛的人應往金屬加工溶接、電鍍、金屬雜貨的製造、貴重金屬裝飾等業界發展，非常容易發揮所長。雖然辛給人硬物的印象，但丙年出生的人卻有柔軟的一面，就算當員警，也多半是牽老年人過馬路或給兒童們觀賞交通安全卡通漫畫的女警。","辛與庚同屬金性，所以也重視正義，讓義理，不過，庚太過正直，辛就比較能夠融通。他和不善錢的庚不同，很有些小技巧營利。像在不動產方面就很能發揮所長。便如分租公寓，或在小小的空地上能自動販賣機，頗能掌握要領，有受金錢之惠的暗示。自己若不直接經營生意，也會借錢給他人賺取利息，頭腦非常靈活。<br />戊年生的人有“土中金”之意，應該會儲蓄，不過土中金就如庭院中出現鯊魚一樣，未必是不可能實現的夢。這種類型的人有可能在前代先人的收藏中，發現價值連城的古畫。","辛日生的人給人的印象是精幹瘦削，欠缺體力，談不上是非常健康，但比起戊或己的人卻要好得很多。"
"39","壬寅","

心胸寬廣,機智靈敏,喜歡照顧他人,聰明,有官運,或者駕馭他人,但是為人操勞,衝動易怒。

","[壬寅][中等]坐下食神生偏財再生殺，又為壬騎虎背，主富貴雙全，干支相生，家庭圓滿。","
為人口快心直，男女都不能早結婚，夫妻便克？兒女宜遲，初年顛倒，中年興旺。女人如意，發福之命。
","
壬是陽之水,有滔滔大江之勢,得天獨厚的雄才大略使壬的人能毫無顧慮地橫掃世間。巧妙處理人際關係的能力無人出其右,在營業或外交場上得意自是理所當然。由於反應靈敏一拍就響,所以很快的就跟上對方的步調。<br /><font color=""#0000ff"">壬寅日生的人一生順運,性格也很樂天,然而運勢儘管平順,卻未能如預期般得到豐碩的成果。</font>","這種類型的男性有知性的魅力，稍帶憂鬱的氣質很受異性的歡迎。凡是追求他的女性，他一概來者不拒，一個星期可能和七個人約會。此外，因他具有果敢的行動力，所以也常會主動邀約他人。<br />壬日男性很擅長“一夜風流”，從吃飯、飲酒到飯店這一個過程視以知性的背景，製造了絕妙的氣氛，使他們無往不利。由於自由的戀愛觀，使他們甚少有從一女性而終的心態。","壬日生的擁有水流的快速與智慧，壬的職業運就潛在這性質當中，由於智慧的凝聚，因此壬的人適往需要豐富點子或創造力的企劃、文案部門發展。再加上他能機敏的判斷狀況，在一瞬間取得靈感，所以設計師或文案撰稿員等職業是非壬莫屬，而企劃部或宣傳部更是需要他的頭腦。<br />這種類型的人也很擅長教育、文化、藝術等方面，能夠發揮獨一無二的創造力。特別是壬全身洋溢著智慧，若當學者或研究者必能提供一流的成果，他們多半不會關在研究室中默默發表成績，而是活躍於與輿論傳播界，傾向于領導某種團體理論。在公司或組織中壬多從事研究部門。水也象徵流通，因此壬的人也有因為利用這個特性而成功的開創事業的例子。<br />壬有大河的暗示，所以水利或水方面的職業也很適合。壬年生的人最能發揮壬日生的本能，雖然運勢過強恐會脫軌，但因其一身本領的優點超群，因此在任何行業都能如魚得水的活躍。","壬的本質是如流水般運用、流通金錢。因此壬日生的人擅長於活用資金，錢上滾錢。由於這種類型的人能在腦中迅速盤算錢的去路，確知多少年後能有多大的財產，所以尚無人比他更正確地培育金錢。<br />壬日生的人有數字概念，頭腦轉的快，點子又多，單單運用利息，恐怕無法獲得滿足。因此這型人常在流動快速的股票市場上決勝負。不過，點子不一定都能奏效，所以壬的人若不注意，將會過度相信自己的腦袋而招致失敗。一心想站在時代的前端，而大量投資開創事業，終致基礎崩潰，最後落得一無所有是壬常見的現象。<br />戊年壬日生的人雖然沒有靈敏的金錢感覺，但只要不奢侈，大都衣食無慮。","水是知性的代名詞，因此壬日出生的人平日就對健康管理十分注意。不過，自古以來水和性就有很深切的關係，所以要對該方面非常警戒。"
"40","癸卯","

逞強頑固,是努力家,有耐力,熱情大方,聰穎機靈,但心地狹窄,容易小氣。

","[癸卯][上等]坐長生、日貴，食神吐秀，主人聰明有文才。女命癸卯，生子讀書有成。","
衣食不少，凶中化吉，早年不順，財來財去，晚年好。女人操持之命，遭遇妒忌，好事難全，少年弱，中年勞祿，老有歡樂。
","
癸有測量之意,水之阻的癸是指隆冬之時,草木枯萎一望無際,因而便於測量。<br />有別于壬的大河性格,癸是指小溪,水溝的細細水流、池沼混濁的水,或在草木葉上棲息的露水。壬可以說是表現之水,而癸則是底層的深水,水的表面儘管明亮,但光線卻很難射入水底,因此癸的人在內心深處始終穩藏了神秘的性格。<br />癸日生的人性情平等、順從,重視默默的努力,但是當努力不為人接受時,忍耐到極點後會爆發怒氣。由於善於察言觀色,並加以協調配合,因而有旺盛的服務精神。<br /><font color=""#0000ff"">癸卯日出生的人才智兼備,本事十足,性格上討厭流於俗事,喜愛美的事物。寧願把時間花在美術館中欣賞佳作,也不願在商場上爾虞我詐。</font>","癸日生的男性有虛弱的一面，而它使戀情有了複雜的陰影。因為這虛弱在女性眼中成了無上的魅力，在“想保護”他的感情驅策下，進而締結戀情是常有的事。<br />這型男性不會直接示愛，他把認識的女性全當成女友看待，多少有一點“沉默寡言”的傾向。<br />癸日的男性對異性的追求很熱衷，有時會對異性糾纏不休。此外，這型人也有官能倒錯的傾向，有時會性倒錯而想成為女性。","癸意味著地下水，因此他不會在人們看到的地方活動，而是在某個深處樸實工作，有許多保守的研究者是癸日出生的，他們不是愛女學生歡迎的王牌學者，而是樸實的累積成果。<br />由於洞察力非常敏銳，很適合參謀工作，在團體中如果立他為副領袖，可以發揮智慧推展許多活動。在公司或組織中，癸型的人都擅長訂定計劃，並會完美的達成任務，加上他十分擅長於預先準備好各方面有利的話而圓滿達成交涉，因此多活躍于幕後，成為所謂的謀士。<br />水的流通也意味錢的流通，五行中土是不動產，而金則為動產。依此看來，癸很適合往金融業發展。此外，若論流通，人來人往的百貨公司、超級市場、交通業、旅遊業等也非常合適。<br />癸的人特別擅長對人服務，因而介紹人、顧問、販賣報紙等以服務為主體的行業全部都很適應。特別是甲年生的人最能發揮癸的服務性，飯店業、理容業也是這型人的得意業。<br />服務業中凡是利用水性的行業如咖啡廳、酒吧點心店、餐廳、小吃店等都沒問題。清涼飲料、牛奶、酒類業更是沒話說的適合。此外，需要大量水的溫泉、浴場、洗衣店等也是癸可選擇的行業。水也可廣義的解釋成液體，因此也可考慮石油、汽油販賣等相關職種。","癸也屬水性，有很好的洞察力。這種類型的人多勤勉努力，不靠洞察力或先見力。也能夠聚集努力的結晶，擁有錢財或不動產。賺得快花得快是人之常情，但這種類型的人卻例外，錢財一旦到手，就會慎重、踏實的處理。<br />例如在公司舉辦的“意見競賽”中奪魁而得到的獎金，癸的人會把它存起來當成結婚資金，決不會把它用在吃喝上。想來這種類型的人深知“聚沙成塔”的各種滋味，知道錢的好處多多。除了正式的工作外，他們多半也嘗試各種打工增加副收入。","癸位居十幹之末，從健康運來看，已呈疲勞的狀態。不過，他同時又孕育十幹之首的甲，所以內含精力。儘管外觀虛弱，但仍有十分強的健康運。<br />癸中要屬己年和乙年生的人最須留意，不要太過勉強自己，一旦覺得疲勞，應立刻休息。<br />概括來說，癸的人較容易惟患腎臟系統的疾病。面呈黑色的人更須特別注意。"
"41","甲辰","

有積極性的開拓精神,精力旺盛,重感情,剛直豪邁,勤勉隨和,但好自我顯示,直爽當中隱蔽著一點點的虛偽。

","[甲辰][中等]得氣通根，坐下有偏財破印，缺少貴氣，前半生不太好，後半生平安，財祿豐足。","
衣食豐足，清閒心情；早年弱，中年勤奮，情感波折，事業發達，晚結婚，子女宜遲，幫助多。
","
甲是木之兄,意指陽木,幾乎具有木的全部特徵,但因屬陽,個性稍倔強。<br />甲字似從“押”字而來,從字面看來仿佛是包含種子的植物,呈等待萌芽的狀態。<br />木是緊緊的在大地紮根,往上、下生長,特別是五行屬陽的甲木更具有強勁的生長力,建材用的參天大樹可比作這種木,因此,甲日生的人不但保有木的特徵,如仁德、柔和,而且還是氣勢猛銳不斷向上攀爬的自主者。偶而會有率性直情的短處,但因其具有深遠處的智慧,一般多是不愛說話,頭腦聰明的人。<br /><font color=""#0000ff"">甲辰日出生的人長的纖細不壯,給人虛弱的感覺,喜歡固守已有的東西,不愛開創新事物是其特性。</font>","這種類型男性的個性可謂心直口快，連愛情的表現也很保守，平淡。<br />由於不喜歡陰鬱的戀情，就算愛上某位女性，也不會患單相思，一旦被拋棄時也不會悶悶不樂，更不會對拋棄他的物件心存惡意。<br />甲日生的男性可以說對女性沒有強烈的執著心，他的愛在本質上就象神的愛，具有慈悲的心懷。這種人雖有點難以接近，但因根本上是個可依賴的人，所以有可能受年齡差距十分大的年輕女性所仰慕，遇上這種情形時，他應該不會報以冷笑的態度，而會回以溫柔的安慰。","甲日生的人個性溫、穩重，能精確的發揮指導力，適合管理、人事、總務等部署，由於甲是直立的樹木，意味筆直的向上成長，所以也可能獨創事業。“大樹之蔭能聚人”，由於常被人依靠，可往醫生、護士、老師、保姆、幼稚園老師等方向發展。<br />從被人依賴這點來看，也很躍於法律界或社會事業。此外，由於深謀遠慮，也常成為智囊團或技術顧問，因此指導升學、就業等導引人生方向的行業更是合適，甲的人有時開創自己的事業，多半成為企業家依賴的智囊。<br />當然從事與木有關的職業更暗示了會比其他行業來得成功，它們包括農林業、園藝、制材業、建築業。但甲和同屬木的乙不同之處在于他適合使用木的原料的行業，因此建材、建具等相關工作可以發揮才能。雖然皮毛與木沒有直接的關係，但因兩者都有“生長”的性質，所以也適合皮毛或皮革等相關行業。<br />戊年甲日生的人可以發揮甲的領導本領，一旦進入組織，自然會被推崇為領袖，儘管本人無意如此，也會朝領導階層推進。","甲日生的人不會因為金錢而左右人生的判斷，是個出手大方的人。木又有“仁”的意味，因此不會計較得失，對金錢採取恬淡的態度。即使為別人出錢，出力奔走協調，也不希求回報。<br />戊年甲日生的人在淡泊金錢的甲日人當中，最長於運用金錢，他不會刻意去儲錢，但在不知不覺中自然走上儲錢這條路。","甲日生的人非常勤奮，也擁有自力更生的能力，所以很容易勉強自己。一般時候即使感覺疲勞，也不肯休息，硬忍耐撐著工作，因此一旦倒了下去，會病得不可收拾。<br />甲的人特別有黃膽等肝臟疾病的暗示，請注意積勞會成疾，由於腦也會亮紅燈，所以應乾脆的放鬆精神，找出時間喘口氣。"
"42","乙巳","

個性沉著,警戒心強,表面現象不願與人爭執,溫柔含蓄,但感情脆弱。隨風轉舵,看人說話。

","[乙巳][上等]乙木向陽，英華外發，主人聰明，但洩氣，只利他人，不利己。坐下傷官正財，正官順生，有錢，富裕，男命乙巳，多晚婚，可得賢妻，但支中傷官見官，過於剛強，不守紀律，武將者，喜開殺戒。","
為人好面子，救人無功；好事莫望；早年子女刑克，晚年安寧。女人助夫愛子。
","
乙同屬木性,與木之兄的陽木相對,有木之弟的陰性氣質。木所具有溫和、安靜特性較常在乙身上出現。<br />乙源自軋,意指互相傾軋或互相摩擦,春季時,萬物會自皮中掙出逐漸成長。<br />若以天文現象而言,甲是一閃而過的雷電,而乙則是吹拂樹尖的風。性格上而言,甲是樹木,而乙則是攀沿樹木的葛藤。也就是說甲會直往上伸展,而乙則是柔軟、彎曲身體的蜿蜒而上。<br />由於乙的性格溫和,因此多半不是自我主張過強的人,就算問題發生時,也多採取靜觀事變的態度,進而尋求合理的解決方法。但因過於重視人和,往往成了好好先生,易受四周環境所影響。<br /><font color=""#0000ff"">乙巳日出生的人初看很柔順,事實上他卻有自我主張極強的一面,怎麼也不聽他人的勸告。雖不會有大挫折,但偶爾閃現的才華卻難以持久。</font>","這種類型的男性太過溫柔，就連向對方傳達自己的感情時，也不採取直接的手段，反而拼命的思考不著痕跡的方法，有道是皇帝不急太監急，他的周圍友人都替他焦慮不安，希望他能勇敢地表白。<br />由於欠缺決斷力，常會擔心自己的舉動可能造成對方的麻煩，因此就算贈送禮物給心愛的對象，事後被問起時多半會佯裝不知。<br />如此一來，女性可能會認為乙日男性不可靠，然而就是這種不可靠反倒成了他們談戀愛的最大武器，因為它往往強烈的刺激了女性的母體本能，認為惟有她的幫助，他才能成器。<br />人們常說“女人心海底針”，有的女性憧憬具有決斷力、力量強勁的男性，但也有些女性卻喜歡保護無依無靠的男性，這種複雜的心態正成了乙日生男性的養分。","乙具有木的溫柔、敦厚，不論任何行業都能柔軟的適應。不過，最好從事協助性的工作，如主管不在時，代理主管輔佐事務，要比當主管領導部屬來得勝任。甲給人的印象是可依靠的高樹，而乙則是溫和柔弱的小草木，因此乙的人很重情趣，多從事繪畫、音樂等藝術工作，如果成為教師也多教導情趣方面的知識。<br />從木性的觀點來看，甲適合使用木材原料的行業，而乙則適合木材加工業，如紙漿業、制紙業、紙商，或加工植物纖維而成的衣料製造，販賣業。五穀雜糧、花卉、青果、果實等流通、販賣也在此範圍內。紙製品關係可擴大來考慮，如文具或畫籍、雜誌的出版、印刷業等都很好。<br />丙年的人最能表現乙的典型本性，由於他會傾盡自己的溫柔，為世人謀福利，所以很適合慈善事業，宗教或教育界，這種性格若進入企業界，也多半從事促進人類健康、福利的工作。","乙日生的人表面上雖有“開口談錢太俗氣”的氣概，但內心卻有惜金的一面。由於生性使然，對於別人的要求很難斷然拒絕，事後卻又懊悔不已，不論借人大錢、小錢都有這種傾向。","乙日生的人天生就是弱體質，但是就如難折斷的柳枝般，身體一旦遇上不良的狀況時，會知道臨機應變，不會過於勉強自己。因此，大病的危險反而出人意外的少，即使生病，自己也很有一套應付它，所以不會突然惡化。<br />肝臟和喉嚨易出毛病，扁桃腺炎也是一項弱點。"
"43","丙午","

熱情豪爽,自信好勝,善言健談,欠缺沉著,但情緒不穩,衝動易怒,缺乏仔細、認真。

","[丙午][下等]坐羊刃，過剛，人聰明有文才。男命克妻，女命克夫，不論男女生於丙午，容易受傷，或致殘。武官則不善終。","
身閒心不空，初年耗財，宜做基礎，技能工夫，求名不利，事多爭端，兄弟各方。女人青秀，思維奇妙。
","
丙是威勢猛烈的陽之火,熊熊的燃燒能令鐵為之熔化。因此,丙日出生的人精力充沛,猛勢所至之處可得權威與名聲,會傾出所有的熱情追求自己的理想。<br />光明正大的丙有不能隱瞞事物的短處,因而有時會聒噪的訴說或傾吐自己的心事。<br />丙的性格就像火一樣,瞬間燃燒又倏地消滅,此外,由於自認才智過人,多半成懶惰者,總想自己擁有滿腔的熱情就已足夠,毋須認真努力。<br /><font color=""#0000ff"">丙午日生的人個性激烈,如果容易親近也容易離開的性格過強,最後必會落得孤單一人,為了不招人排斥,應儘量克制賣弄權威。</font>","丙日生的人都是熱情的戀人，一旦喜歡某個人，會毫不猶豫地積極追求，而這種果敢正是這型人的利器。初次會面，只要判斷是“自己喜歡的類型”，一般就會省略寫信或打電話等磨蹭的手續，直接向對方提出邀約。<br />這種類型的男人多戀情，有妻妾同居的熱情傾向，擁有超越常識範圍的開放戀愛觀，他能在同時期和各種不同類型的女性大談各種不同的戀愛，其技巧之高堪稱行家。<br />說他能幹是好聽的話，事實上難以控制逾越正是火的性質，一旦“談戀愛”的傾向增強，雖然不甚有興趣，但仍會追求別人的女友，或勾引上司的太太以致出現危險的局面。由於到處亂播火種，又不留意是否會被灼傷，最後終會導致以愛為主的局面。","這種人就象熊熊燃燒的烈火，天生擁有很好的說服力。丙性質的人最適合從事推銷員工作，只要抓住機會，就會猛烈地發揮優秀的口才說服他人成功。依此看來，丙很適合律師、教育家或宗教家等職業。遇上這種人，就連閉得再緊的貝殼，被如此熱情的猛火一烘，也會在不知不覺中打開蓋子。此外，需要耀眼才華的藝術家或藝人也是丙日生的人的特長，他們都有天才性的發展，如日本歌星美空雲雀在少女時代就已登上歌謠界的女王寶座，日本漫畫高手手塚治蟲也是此型的明例。<br />由火的暗示來看，使用火的烹飪工作非常合適，飲食事業雖與水相關，但很多火的人也活躍在這個業界中，高熱燒土的陶藝家也是合適的工作方向，處理鍋爐與內燃機的工作與火性質相合。<br />火又有能源的意味，所以瓦斯、石油、煤炭等業界，或電力相關事業都很可行。此外，電器或光學事業也含火性，是丙適合從事的職業。就熱情的個性而言，運動員可盡情發揮，尤其是丁年的人生來就有競爭性更是完美的選擇。","丙日生的人天生熱情洋溢、行動奔放，所以身上很難放著錢不用，這種類型的人認為錢是給人用的，賺得多用的更凶，在百貨公司看中的裝飾品，會毫不猶豫的買回家。不過這種情形反而對丙有利，如果勉強儲蓄，致使自由自在的行動受阻，氣勢削弱，易生危險。<br />崇尚自然的丙若能發揮自由的特性，自力更生以應付開銷，才是最理想的生活方式，一旦惜物後，會喪失“火之兄”的特性，光華盡失。<br />丙日的人要想維持無虞的生活，最好始終讓身邊充滿華麗的氣氛，萬一生來小氣，欠缺和人交際則此星的光輝消失，最後窮神將找上門來，自由的金錢觀才能支持丙活力充沛地享受人生。","丙日生的人太過放縱自己，根本不會有所保留，因此這種類型的人壞自己身體的大有人在。就象連續的徹夜工作、酗酒等超出極限之外的事，導致身體報銷。<br />丙日生的人容易罹患的疾病有心臟病、眼病、胃腸病、肺病、神經痛、婦科病等。特別是壬年出生的人，由於生命之火正面被水澆下，所以恐有重疾。此外，戊年生的人平常的身體某處會被疾病侵蝕，須多留意。"
"44","丁未","

敦厚樸實,重信守義,但任性逞強,防止受騙,有時缺乏耐力,辦事易半途而廢。專勁不夠。

","[丁未][中等]得庫通根，坐下食神旺，主人漂亮，但好吃，女命賢慧。","
喜怒無常，口舌能言，名利不缺，骨肉疏遠，子息遲到；衣祿豐足；女人有旺運，勤儉能興家。
","
丁字在字典中僅次於一,排在第二位,擁有特異的地位。史記、律書中記載“丁者,言萬物之丁壯也”。它就像樹頂上枝葉茂盛的狀態。<br />古時到達徵兵年齡的人稱作壯丁,也有丁年的說法,意指男子成丁之年(二十歲),漢書、嚴安傅中載有“丁男被甲,丁女轉輪,苦不聊生”,丁女也指成年的女子。這種旺盛的力量也是來自火性。<br />丙丁雖同屬火,但丙像太陽,而丁則像夜空中閃爍的星星,或者可說火之兄是熔爐中卷成漩渦的火花,而火之弟則是祭壇上的燭火。因此丁的性格是屬乾脆、內藏熱情型。頭腦轉的快,極富進取精神,是個幾近狡猾很會鑽營的人。然而丁的人偶而會無法克制內在的激烈與表面的溫和所引起的衝突。由於長久被他人評定為“溫和的人”,自己也儘量扮演這個角色,但某個時候會突然暴露自己的衝動。<br /><font color=""#0000ff"">丁未日生的人在丁中具有特別開放的性格,他會把心中所想的話直言不諱的侃侃道出,就算如此,他仍能因守強的運勢,是個安心的人,有嗜酒的傾向。</font>","這種類型的男性會使戀情持久，他不象丙以瞬間的爆發力來決定戀愛的勝負，一旦他對某一個女性萌生戀情，就會像炭火般，自內心持續熱力，火苗很難消失，他的戀情也不是以肉欲為起點，而是著重于和對方心靈相通的喜悅，就算是個短短的約會，如果能眉目傳情即以心滿意足。<br />丁日生的男性相信一種神秘的緣份，十分重視彼此的邂逅，象在無意中進入的咖啡廳中巧遇女服務生，他也會有命中註定的感覺，此外會深受占星術書中的暗示所影響，這些特徵都與動物性的本能相結合。","丁字有“燭燈”的暗示，燭火搖搖曳曳，雖然火光不大，卻都是由內心發出，因此這類人多選擇宗教、信仰等職業，進而在婚喪喜慶或福利事業界活躍，即使自己的職業與福利無關，也會花很多時間從事義工活動。<br />火屬藝術或學術文化的性質，因此丁的人很自然的會朝音樂、繪畫、書法、花道、茶道等方向發展，如果廣義的詮譯藝術活動，電影界也可包括在內，世界級導演黑澤明就能把這種特性發揚光大，此外，丁的人也可考慮樂器、唱片、玩具、模型、玩偶等與趣味娛樂用品相關的事業。<br />火的人擅長藝術或娛樂事業，但丙多是活躍于表面的藝人，而丁則適合從事幕後工作，如成為經紀人或製作人，尤其以庚年生的人最適合當協助性的經紀人，因他不會被對方或工作引入歧途，而能冷靜的處理事務。","丁的人擁有一顆超越金錢的心，由於不善計較得失，反而會因金錢之事傷害周圍的人。他人認為十分龐大的金額，在丁的人眼中根本不當回事，就算向人借來暫用，也會因忘記歸還而造成他人的困擾。<br />不過也有完全相反的例外出現，他們會對金錢十分執著，由於丁天性淡泊金錢，所以儘管執著，也還算不上是個吝嗇鬼。但他們往往以“金錢不是萬能”為理由，善於計算到了接近失禮的地步。","丁日生的人雖沒有旺盛的生命，但因擁有穩重的長處，會自己照料生活，所以反而多是健康的人。這型人擅長於擊退輕症小病，有心臟病的暗示，特別是狹心症或心臟瓣膜症。此外，也須注意肺炎、肋膜炎。"
"45","戊申","

有積極性,幹一行易於對事物熱衷,但性急,任性而逞強。好勝,欲望高,不滿足感強烈,個別時候小氣。

","[戊申][下等]土猴孤獨，女命早婚者易離婚，或孤身，男命稍好。不論年月均漂亮，但愛情不專，作風不正。","
為人性急，易反復無常；一生勞祿，利官見貴，兒女刑傷，財庫富足，女人有旺運，勤儉能興家。
","
戊是陽之土,母之大地的土,也可以說是河川邊堅固堤防之土,或為車道上幹硬的黃土,支撐巨木或森林,阻擋水的奔流,守護人為的通行是它的功用。<br />戊日生的人因此很守信義,重視節操,具有偉人的風格。然而其反面則因是暴露在人前的陽性土,雖然粉飾外觀,但內在卻粗野暴躁,欠缺思慮。<br /><font color=""#0000ff"">戊申日生的人特別容易強調土性壞的一面。不但欠缺思慮,且毫無耐性,對新事物的關心要比別人強上一倍,是個好奇心極旺盛的人。</font>","這型男性對戀愛表現了極大的包容力，不但不會去拘束對方的行動，而且採取悠閒無為的態度，雖然和對方交往了一段時日，卻從不想去確定她是否真的對他有意。<br />戊日生的男性很大而化之，他們多半不會費神去記女友的生日，就算贈送禮物也已很遲鈍送出，常令對方焦躁不安，但他們並非真心如此，而是天生不伶俐。<br />這類男性大都採取被動的戀愛方式，甚少主動求愛，然而有些女性偏對這種悠閒自得的態度著迷不已，所以他常有機會遇到女性的追求。有時甚至會同時受兩位女性的倒追，不過因其本性使然，總能不慌不忙的選擇。由於這型人不修邊幅也有人愛，所以很少修飾門面。","戊的人天生就有安全、信用、信賴的優點，所以不論在任何行業，大都身居要位，穩固基礎，承受工作重壓力就是這種人的職業性向。進入信用第一的銀行、保險、證券業也是戊的特徵，由於戊的人對金錢不會起野心，再加上細心的理財能力，所以錢可以放心的託付給他，他決不會亂運用金錢去從事利滾利等危險的行當。因此，戊的人理所當然的在公司中擔任經理或資金運用的相關職務，特別是其穩重的特性，往往能成功的長期經營事業，有許多戊的人成了政治家、事業家等大人物。戊屬土性，因此與土有關的事業都適合，如農林業、土木建築業、石材等。<br />若與土木有關的事業最好盡可能的大規模從事，越大就會越發。<br />土又有藏之意，所以倉庫業也很合適。壬年生的人特別適合掌管金融財政，多半擔任企業中的經理重任。","土有通藏的意味，所以戊日生的人在財產上大都有相當的儲蓄，此外土又指不動產，因此頗受財運之惠。這型人多半繼承大片的土地，有長期安定的利息，不需四處奔忙操勞，自然會有十分豐裕的增值。因此，他們大都出身富裕然而事實上卻多屬不會活用財產的人。<br />由於受置不管就會增值的不動產之惠，所以戊的人也很少去考慮如何賺更多的錢，人們常說“富不過三代”，還是不要坐享其成較好。","戊日生的人看似心寬體胖，與疾病無緣的模樣，事實上他的大腹中積存了疾病的種子。戊五行屬中，戊要注意腹部的緣故。因此，首要留意的是胃腸病、胃癌等病。此外，也有膝下疾病或狐臭的暗示。"
"46","己酉","

和緩,謹慎,心靈手巧,但疑慮多,欠果斷。容易因情耗財,防止被人牽著走。

","[己酉][上等]坐長生、文昌，主人好文學，聰明有文才，且土金相生，主人身體好，但幹生支，畢竟洩氣，故得失都有。","
為人聰明，衣祿豐足，六親少靠，兒女早見；凡事寬量，百事通達，女人技巧多變，少災之命。
","
己字與紀有關,意指在繁絲中理出的頭緒,或是枝葉茂密中頭角崢嶸的一枝獨秀。因此,己給人的感覺是事物的軸心,或擔任引爆劑般的中心角色。<br />此外,己又有自己、克己等說法,可見己就是指自己本身,這和土在五行中居中心位置有關,由於陽土的戊過於強調自我主張,因此己也愛表現自己。<br />己是陰土,意指被森林覆蓋、隱藏或被農作物遮擋而看不見的地面,這些土壤可說都是用來培養植物的軟土。因此,己日生的人都具有殷實農夫般的木納及溫和的品格,然而既是隱藏的土,則多半視野狹窄,頗受猜疑,如果猜疑過度會變成孤僻的人。<br /><font color=""#0000ff"">己酉日出生的人一看就知道個性堅強,有以自己為本位運作的傾向,然而若不退居次位,恐氣勢過強而造成失敗。</font>","己日生的男性非常木訥，不擅長主動追求女性。對於機靈的安排約會，利用男性氣概吸引女性關心等技巧一概一竅不通，反映出耿直的戀情。不過這種性質反而激起女性的母性本能，因而意外的多有豔遇機會，這種類型的男性常有現成的飯菜可吃，因為許多女性會到他們的單身公寓打掃、做飯。就連當推銷員時，訥訥拙言型的人一般都比話說得天花亂墜型的人績效好，這種較為人接受的老實性格，使他們情場或商場都能創下佳績。不過，庚年出生的人卻有主動積極追求的傾向。","認真、正直、孜孜不倦地鑽研一件事物是己的特性，可謂無人能出其右，就算每日重複做相同的工作也不會厭倦。一般的職務大都可以勝任，但最好從事能活用某種特定技術或機械性原理的工作。此外，因具有無名英雄的潛能，所以打字員、語言促進師、總機等專門性工作也合適。<br />研究所的技師、研究員等腳踏實地地貢獻成果的職務很適合己的人。也有些人在傳統工藝界發展，圍棋名將林海鋒就具有己的特性。<br />如前所述，戊對土木或不動產很在行，而己則活躍於土的加工行業，如陶瓷器業、煉瓦業、耐火材料等，它們都與窯業有關，因此玻璃業也含在其中。與地下相關的職業也可列入考慮，如地鐵事業、大廈管理員、停車場管理員。壬年生的人相當理智，由於他能聚精會神地勤勉工作，因此得以發揮己所具備的老實，沒有人比他更適合擔任金庫守衛，非常值得信賴。","儘管同屬土性，戊的人較傾向花錢；而己則會專心一意地存錢。這種類型的人既不想花大錢，也不想用小錢，很擅長節衣縮食過生活。一旦有人向己借錢，他會很巧妙地拒絕，貫徹實行金錢第一的信念。<br />己的人對金錢的感覺非常出類拔萃，很長於運用資產，其能力不輸銀行的職員。他們很喜愛購買有獎證券等，情願存錢也不把錢花在無謂的遊玩上。由於扎實的儲蓄，賺取滾雪球式的利息，將可過個安穩的老年生活。","己日生的人看起來動作遲鈍，或氣色很差，談不上健康的模樣，但他卻有很好的抵抗力，對抗病魔也有韌性。己的共通疾病是腸的問題。腸膜炎、腸癌等是最需要注意的疾病。此外，可能也有蛔蟲的煩惱。其他尚有肝臟病、神經痛等暗示。"
"47","庚戍","

積極進取,勇敢果決,自尊心強,有才能,善於結交各方面朋友,平衡、穩重,但過於操勞,防止被別人耍花樣、弄權術而迷惑受騙受害。

","[庚戌][中等]坐庫通根身強，魁罡，聰明剛毅，有文才，忠義雙全。","
為人快活，醜未防災；利官近貴，敏捷聰明，福氣晚年，救人無義；女人心賢，勤奮才興家。
","
庚是陽之金,意指藏在地中含有豐富金屬的礦石,庚的人因此擁有如礦石般的剛直性格,此外經過鍛煉,打鐵成鋼可製成刃的鋒利快刀就是庚的特性,不過就像剃刀一樣,雖然鋒利卻稍嫌單薄。或許因為如此,庚日生的人在人品上有其保守的一面,然而不可思義的是世人卻給他超越實力的高評價。不過,庚的人熟知自己的缺點,為了配合世人的評價異常努力,所以實像和虛像之間並無很大的差距。<br />庚的人在無意識中不斷地鍛煉自己可能是與生俱有的宿命使然吧!<br /><font color=""#0000ff"">庚戌日生的人初看很溫和、虛弱,事實上內心卻如軍人般嚴肅、頑固,橫沖莽撞。由於率性的突變過多,眼前不斷會有挫折的危險。</font>","庚日生的男性有十足的男性氣概，外形大都屬肌肉型硬漢（也有例外），性格則硬如鋼鐵，從抽煙的方式、步行的方式，以至飲酒的方式，無一不充滿“冷漠男子”的氣質，非常性感，因此，身邊始終有不少仰慕者，甩都甩不掉。<br />庚日生的男性就算外型上不是肌肉型男子，他們的內心大概也都真率，可以說一根腸子通到底，所以不喜歡細水長流式愛情是他們的特徵之一。<br />這種類型的男性的內心還藏了另一個特色，那就是一旦對方舉止太過親密時，他會立刻甩掉她。如果激怒了他，他才不管是否美如天仙，照樣抱以老拳。","庚日生的人反應靈敏，頭腦敏銳，特別適合從事員警、檢察官或與防衛相關的工作。從警戒完備這點來看，很容易令人聯想到保鏢。日本影視界有名的男演員丹哲郎和渡哲也都是庚日生的人，而他們所扮演的刑警或保鏢角色使他們多年來一直深受影迷喜愛。<br />由此看來，庚的人適合在官場，技術方面或金屬工業界等特別堅實的行業中從事工作。庚屬金性，因此可考慮以鋼鐵業為首的金屬、造船、車輛、動力機械、電機等事業。就算不在上述關係的公司工作，也可適當的轉職，例如原本在木材關係的職位，一旦調往鋼鐵部門，會開始有異於往常的活動。從金屬的意味而言，刃物也包括在內，所以庚也適合從事外科醫生或齒科醫生等職業。<br />甲年庚日生的人易成領導，會是個嚴厲的上司，就算當老闆，也不是個溫情主義的老闆，一切會以軍事化的方式統領。","庚雖屬金性，卻不愛死存錢，性格耿直，重視義氣，就算傾囊付出，也要幫助他人，不為錢拘束。假設自己手頭不便，也會向別處借錢以救人急。因此，與財運緣淺，如果自己不留意，根本不會擁有大量的金錢。不過這就是庚日生的人的特徵，一旦壓抑它，恐會失去性格上的一大優點，只要稍稍收斂一些過於勉強的交際應酬就無大礙。<br />庚日生的人當中要屬已年的人最幸運因已有財產的意味。丙年生的人不太會分好壞，火性不擅長儲錢，所以沒有財力。此外，經過實際的調查，發現辛年的人大多是“吃、喝、賭、買”遊戲人間的人。","庚日生的人，由於“金”是主管肺臟、四肢、鼻、骨，一旦健康受損，立刻障凝四起，除了有腸膜炎、腸結核等暗示外，還有肺炎、風濕症等須要提防。"
"48","辛亥","

沉著坦直無私,待人接物,認真細緻,腳踏實地,但溫柔敦厚而寓涵固執,有些自信,勞碌奔波歡快。

","[辛亥][中等]干支相生，金水相連，文才好（女命稍差），坐沐浴，女命不貞，坐下傷官旺不利夫。男命可得妻財，或漂亮之妻。","
不惹閒事，清靜守中；早年不聚財，晚景榮華富貴。女人勤儉，福豐，助立家業。
","
辛是陰之金,因此它比庚更能表現金的嚴厲。辛原是指罪人,由於它在秋決時又代表了斬人的刃物,所以給人狠毒的感受。<br />庚就像鐵礦石般原始,但辛卻象徵經過琢磨,精製的貴重金屬或珠玉,呈人工加工的狀態。若和鐵礦石相比較,辛較溫和;就連同樣提倡正義,公理的金的性格而言,辛也給人較平穩,聰明的感覺,以這種嚴厲、溫和相對立的兩個要素為根底的辛,應可看出自己頗亂的兆頭,那就是破壞、改革的暗示。<br />庚通更、辛通新,經過後來的整理,可發現辛本年的事變特別多。此外,辛年出生的人除了私人性的世事變化無常外,也象徵扮演改革時代的角色。<br />辛日生的人可比喻作沙金,僅管外表柔弱,內在卻暗含堅硬,很擅長帶刺的嘲諷,多是毒舌家。由於陰氣之故,易造成偏頗的個性,但偶而也會採取斷然的行動,一旦這種行動力表現得過強時,會成為“齊迫”型的人物。<br /><font color=""#0000ff"">辛亥日生的人初看很浮動,其實相當踏實、理性,頗能體會中庸之道。</font>","這種類型的男性頗陰鬱，就算自己喜歡的女性出現，他也不肯表白自己心意的傾向很強烈。由於他不會沉溺於愛中，所以在談戀愛時，會優先考慮“愛會使我向上嗎？”或“愛情與人生的目標有何關係？”等理論。因此，他十分受喜歡窮根究理的女性吸引，特別是傾心於堅持自我主張的職業女性。<br />這種男性根本上否定母性，強調自我存在的意義，本能上對愛不置評價，面對戀人時也是以清醒的眼光去觀察。<br />偶而他會以完全陌生的第三者般的態度，去對待交往已久的戀人，甚至出口諷刺人，使對方懷疑他是否真心而冷卻感情。不過，辛日生的男性決不會忘記對方的生日，當天一定致贈禮物，以表示自己一絲不苟。","辛和庚一樣具有金的敏銳特質，不過辛屬陰，因此它的敏銳較有粘著力。若要發揮這種特性，可考慮教育界、編輯界或文藝界。庚暗示鐵或重工業，而辛則意味精密機械、化學機械、計算機械、光學機械等輕、細工業，此外，鋁等輕金屬或非鐵金屬業也很適合辛的性格。<br />辛的人應往金屬加工溶接、電鍍、金屬雜貨的製造、貴重金屬裝飾等業界發展，非常容易發揮所長。雖然辛給人硬物的印象，但丙年出生的人卻有柔軟的一面，就算當員警，也多半是牽老年人過馬路或給兒童們觀賞交通安全卡通漫畫的女警。","辛與庚同屬金性，所以也重視正義，讓義理，不過，庚太過正直，辛就比較能夠融通。他和不善錢的庚不同，很有些小技巧營利。像在不動產方面就很能發揮所長。便如分租公寓，或在小小的空地上能自動販賣機，頗能掌握要領，有受金錢之惠的暗示。自己若不直接經營生意，也會借錢給他人賺取利息，頭腦非常靈活。<br />戊年生的人有“土中金”之意，應該會儲蓄，不過土中金就如庭院中出現鯊魚一樣，未必是不可能實現的夢。這種類型的人有可能在前代先人的收藏中，發現價值連城的古畫。","辛日生的人給人的印象是精幹瘦削，欠缺體力，談不上是非常健康，但比起戊或己的人卻要好得很多。"
"49","壬子","

心胸寬廣,機智靈敏,喜歡照顧他人,聰明,有官運,或者駕馭他人,但是為人操勞,衝動易怒。

","[壬子][下等]坐刃坐劫財，水太旺，漂亮。女命不會持家，有多少花多少，花心；男命好色，若經商發財，發多少失多少。","
幼年顯災，中年衣食豐足，男有好妻，身閒心勞，多喜多憂，奔波事業；兄弟少力，六親冷淡，勤奮自立；女人賢能，防止嫉妒。
","
壬是陽之水,有滔滔大江之勢,得天獨厚的雄才大略使壬的人能毫無顧慮地橫掃世間。巧妙處理人際關係的能力無人出其右,在營業或外交場上得意自是理所當然。由於反應靈敏一拍就響,所以很快的就跟上對方的步調。<br /><font color=""#0000ff"">壬子日生的人就象浩浩蕩蕩的河水般運勢極強,但因為過強,喜歡賣弄權威招人厭惡,無法圓滑的運用人際關係。</font>","這種類型的男性有知性的魅力，稍帶憂鬱的氣質很受異性的歡迎。凡是追求他的女性，他一概來者不拒，一個星期可能和七個人約會。此外，因他具有果敢的行動力，所以也常會主動邀約他人。<br />壬日男性很擅長“一夜風流”，從吃飯、飲酒到飯店這一個過程視以知性的背景，製造了絕妙的氣氛，使他們無往不利。由於自由的戀愛觀，使他們甚少有從一女性而終的心態。","壬日生的擁有水流的快速與智慧，壬的職業運就潛在這性質當中，由於智慧的凝聚，因此壬的人適往需要豐富點子或創造力的企劃、文案部門發展。再加上他能機敏的判斷狀況，在一瞬間取得靈感，所以設計師或文案撰稿員等職業是非壬莫屬，而企劃部或宣傳部更是需要他的頭腦。<br />這種類型的人也很擅長教育、文化、藝術等方面，能夠發揮獨一無二的創造力。特別是壬全身洋溢著智慧，若當學者或研究者必能提供一流的成果，他們多半不會關在研究室中默默發表成績，而是活躍於與輿論傳播界，傾向于領導某種團體理論。在公司或組織中壬多從事研究部門。水也象徵流通，因此壬的人也有因為利用這個特性而成功的開創事業的例子。<br />壬有大河的暗示，所以水利或水方面的職業也很適合。壬年生的人最能發揮壬日生的本能，雖然運勢過強恐會脫軌，但因其一身本領的優點超群，因此在任何行業都能如魚得水的活躍。","壬的本質是如流水般運用、流通金錢。因此壬日生的人擅長於活用資金，錢上滾錢。由於這種類型的人能在腦中迅速盤算錢的去路，確知多少年後能有多大的財產，所以尚無人比他更正確地培育金錢。<br />壬日生的人有數字概念，頭腦轉的快，點子又多，單單運用利息，恐怕無法獲得滿足。因此這型人常在流動快速的股票市場上決勝負。不過，點子不一定都能奏效，所以壬的人若不注意，將會過度相信自己的腦袋而招致失敗。一心想站在時代的前端，而大量投資開創事業，終致基礎崩潰，最後落得一無所有是壬常見的現象。<br />戊年壬日生的人雖然沒有靈敏的金錢感覺，但只要不奢侈，大都衣食無慮。","水是知性的代名詞，因此壬日出生的人平日就對健康管理十分注意。不過，自古以來水和性就有很深切的關係，所以要對該方面非常警戒。"
"50","癸丑","

逞強頑固,是努力家,有耐力,熱情大方,聰穎機靈,但心地狹窄,容易小氣。

","[癸丑][中等]坐庫通根，人秀氣，坐下殺印生比肩，利兄弟，吃力不討好，勞累奔波。","
衣祿不少，一生尊重；莫惹是非，父母難為。骨肉少靠，，夫婦和睦相處，順利，兒女見遲；財物早年難聚，波折。
","
癸有測量之意,水之阻的癸是指隆冬之時,草木枯萎一望無際,因而便於測量。<br />有別于壬的大河性格,癸是指小溪,水溝的細細水流、池沼混濁的水,或在草木葉上棲息的露水。壬可以說是表現之水,而癸則是底層的深水,水的表面儘管明亮,但光線卻很難射入水底,因此癸的人在內心深處始終穩藏了神秘的性格。<br />癸日生的人性情平等、順從,重視默默的努力,但是當努力不為人接受時,忍耐到極點後會爆發怒氣。由於善於察言觀色,並加以協調配合,因而有旺盛的服務精神。<br /><font color=""#0000ff"">癸醜日生的人外表看起來稍嫌陰鬱、安靜,事實上內在卻正相反,屬於活潑,行動派不過行動過頭時,反而會引起問題。</font>","癸日生的男性有虛弱的一面，而它使戀情有了複雜的陰影。因為這虛弱在女性眼中成了無上的魅力，在“想保護”他的感情驅策下，進而締結戀情是常有的事。<br />這型男性不會直接示愛，他把認識的女性全當成女友看待，多少有一點“沉默寡言”的傾向。<br />癸日的男性對異性的追求很熱衷，有時會對異性糾纏不休。此外，這型人也有官能倒錯的傾向，有時會性倒錯而想成為女性。","癸意味著地下水，因此他不會在人們看到的地方活動，而是在某個深處樸實工作，有許多保守的研究者是癸日出生的，他們不是愛女學生歡迎的王牌學者，而是樸實的累積成果。<br />由於洞察力非常敏銳，很適合參謀工作，在團體中如果立他為副領袖，可以發揮智慧推展許多活動。在公司或組織中，癸型的人都擅長訂定計劃，並會完美的達成任務，加上他十分擅長於預先準備好各方面有利的話而圓滿達成交涉，因此多活躍于幕後，成為所謂的謀士。<br />水的流通也意味錢的流通，五行中土是不動產，而金則為動產。依此看來，癸很適合往金融業發展。此外，若論流通，人來人往的百貨公司、超級市場、交通業、旅遊業等也非常合適。<br />癸的人特別擅長對人服務，因而介紹人、顧問、販賣報紙等以服務為主體的行業全部都很適應。特別是甲年生的人最能發揮癸的服務性，飯店業、理容業也是這型人的得意業。<br />服務業中凡是利用水性的行業如咖啡廳、酒吧點心店、餐廳、小吃店等都沒問題。清涼飲料、牛奶、酒類業更是沒話說的適合。此外，需要大量水的溫泉、浴場、洗衣店等也是癸可選擇的行業。水也可廣義的解釋成液體，因此也可考慮石油、汽油販賣等相關職種。","癸也屬水性，有很好的洞察力。這種類型的人多勤勉努力，不靠洞察力或先見力。也能夠聚集努力的結晶，擁有錢財或不動產。賺得快花得快是人之常情，但這種類型的人卻例外，錢財一旦到手，就會慎重、踏實的處理。<br />例如在公司舉辦的“意見競賽”中奪魁而得到的獎金，癸的人會把它存起來當成結婚資金，決不會把它用在吃喝上。想來這種類型的人深知“聚沙成塔”的各種滋味，知道錢的好處多多。除了正式的工作外，他們多半也嘗試各種打工增加副收入。","癸位居十幹之末，從健康運來看，已呈疲勞的狀態。不過，他同時又孕育十幹之首的甲，所以內含精力。儘管外觀虛弱，但仍有十分強的健康運。<br />癸中要屬己年和乙年生的人最須留意，不要太過勉強自己，一旦覺得疲勞，應立刻休息。<br />概括來說，癸的人較容易惟患腎臟系統的疾病。面呈黑色的人更須特別注意。"
"51","甲寅","

有積極性的開拓精神,精力旺盛,重感情,剛直豪邁,勤勉隨和,但好自我顯示,直爽當中隱蔽著一點點的虛偽。

","[甲寅][上等]坐祿通根身旺，坐下有傷官生財，主富貴，但比肩奪財，文才差一些。女命甲寅，身強克夫。","
為人誠實，利官見貴。家道興甯，父母有利，重拜雙親。男人怕妻，命硬三分。女人管夫，子息長。
","
甲是木之兄,意指陽木,幾乎具有木的全部特徵,但因屬陽,個性稍倔強。<br />甲字似從“押”字而來,從字面看來仿佛是包含種子的植物,呈等待萌芽的狀態。<br />木是緊緊的在大地紮根,往上、下生長,特別是五行屬陽的甲木更具有強勁的生長力,建材用的參天大樹可比作這種木,因此,甲日生的人不但保有木的特徵,如仁德、柔和,而且還是氣勢猛銳不斷向上攀爬的自主者。偶而會有率性直情的短處,但因其具有深遠處的智慧,一般多是不愛說話,頭腦聰明的人。<br /><font color=""#0000ff"">甲寅日出生的人非常獨立,有自創事業的傾向,然而因氣勢過猛,儘管有破竹之勢,卻也會有墜入絕望穀底的局面出現。</font>","這種類型男性的個性可謂心直口快，連愛情的表現也很保守，平淡。<br />由於不喜歡陰鬱的戀情，就算愛上某位女性，也不會患單相思，一旦被拋棄時也不會悶悶不樂，更不會對拋棄他的物件心存惡意。<br />甲日生的男性可以說對女性沒有強烈的執著心，他的愛在本質上就象神的愛，具有慈悲的心懷。這種人雖有點難以接近，但因根本上是個可依賴的人，所以有可能受年齡差距十分大的年輕女性所仰慕，遇上這種情形時，他應該不會報以冷笑的態度，而會回以溫柔的安慰。","甲日生的人個性溫、穩重，能精確的發揮指導力，適合管理、人事、總務等部署，由於甲是直立的樹木，意味筆直的向上成長，所以也可能獨創事業。“大樹之蔭能聚人”，由於常被人依靠，可往醫生、護士、老師、保姆、幼稚園老師等方向發展。<br />從被人依賴這點來看，也很躍於法律界或社會事業。此外，由於深謀遠慮，也常成為智囊團或技術顧問，因此指導升學、就業等導引人生方向的行業更是合適，甲的人有時開創自己的事業，多半成為企業家依賴的智囊。<br />當然從事與木有關的職業更暗示了會比其他行業來得成功，它們包括農林業、園藝、制材業、建築業。但甲和同屬木的乙不同之處在于他適合使用木的原料的行業，因此建材、建具等相關工作可以發揮才能。雖然皮毛與木沒有直接的關係，但因兩者都有“生長”的性質，所以也適合皮毛或皮革等相關行業。<br />戊年甲日生的人可以發揮甲的領導本領，一旦進入組織，自然會被推崇為領袖，儘管本人無意如此，也會朝領導階層推進。","甲日生的人不會因為金錢而左右人生的判斷，是個出手大方的人。木又有“仁”的意味，因此不會計較得失，對金錢採取恬淡的態度。即使為別人出錢，出力奔走協調，也不希求回報。<br />戊年甲日生的人在淡泊金錢的甲日人當中，最長於運用金錢，他不會刻意去儲錢，但在不知不覺中自然走上儲錢這條路。","甲日生的人非常勤奮，也擁有自力更生的能力，所以很容易勉強自己。一般時候即使感覺疲勞，也不肯休息，硬忍耐撐著工作，因此一旦倒了下去，會病得不可收拾。<br />甲的人特別有黃膽等肝臟疾病的暗示，請注意積勞會成疾，由於腦也會亮紅燈，所以應乾脆的放鬆精神，找出時間喘口氣。"
"52","乙卯","

個性沉著,警戒心強,表面現象不願與人爭執,溫柔含蓄,但感情脆弱。隨風轉舵,看人說話。

","[乙卯][上等]坐祿通根身旺，坐比肩，無財，清貴不富貴，上下乙木，秀氣透出，文才好，人秀氣，手腳纖細。","
志氣軒昂，衣祿豐足，計巧精妙，言行有詐，有成有敗；文武兩筆，坎坷難免，金石為開，一事可成，女人福氣，勤儉添壽。
","
乙同屬木性,與木之兄的陽木相對,有木之弟的陰性氣質。木所具有溫和、安靜特性較常在乙身上出現。<br />乙源自軋,意指互相傾軋或互相摩擦,春季時,萬物會自皮中掙出逐漸成長。<br />若以天文現象而言,甲是一閃而過的雷電,而乙則是吹拂樹尖的風。性格上而言,甲是樹木,而乙則是攀沿樹木的葛藤。也就是說甲會直往上伸展,而乙則是柔軟、彎曲身體的蜿蜒而上。<br />由於乙的性格溫和,因此多半不是自我主張過強的人,就算問題發生時,也多採取靜觀事變的態度,進而尋求合理的解決方法。但因過於重視人和,往往成了好好先生,易受四周環境所影響。<br /><font color=""#0000ff"">乙卯日出生的人特立獨行,有朝目標勇往直前的性格和堅強的信念,然而因氣勢過強反易成問題。不論吉、凶的振幅都極大,此點需注意。</font>","這種類型的男性太過溫柔，就連向對方傳達自己的感情時，也不採取直接的手段，反而拼命的思考不著痕跡的方法，有道是皇帝不急太監急，他的周圍友人都替他焦慮不安，希望他能勇敢地表白。<br />由於欠缺決斷力，常會擔心自己的舉動可能造成對方的麻煩，因此就算贈送禮物給心愛的對象，事後被問起時多半會佯裝不知。<br />如此一來，女性可能會認為乙日男性不可靠，然而就是這種不可靠反倒成了他們談戀愛的最大武器，因為它往往強烈的刺激了女性的母體本能，認為惟有她的幫助，他才能成器。<br />人們常說“女人心海底針”，有的女性憧憬具有決斷力、力量強勁的男性，但也有些女性卻喜歡保護無依無靠的男性，這種複雜的心態正成了乙日生男性的養分。","乙具有木的溫柔、敦厚，不論任何行業都能柔軟的適應。不過，最好從事協助性的工作，如主管不在時，代理主管輔佐事務，要比當主管領導部屬來得勝任。甲給人的印象是可依靠的高樹，而乙則是溫和柔弱的小草木，因此乙的人很重情趣，多從事繪畫、音樂等藝術工作，如果成為教師也多教導情趣方面的知識。<br />從木性的觀點來看，甲適合使用木材原料的行業，而乙則適合木材加工業，如紙漿業、制紙業、紙商，或加工植物纖維而成的衣料製造，販賣業。五穀雜糧、花卉、青果、果實等流通、販賣也在此範圍內。紙製品關係可擴大來考慮，如文具或畫籍、雜誌的出版、印刷業等都很好。<br />丙年的人最能表現乙的典型本性，由於他會傾盡自己的溫柔，為世人謀福利，所以很適合慈善事業，宗教或教育界，這種性格若進入企業界，也多半從事促進人類健康、福利的工作。","乙日生的人表面上雖有“開口談錢太俗氣”的氣概，但內心卻有惜金的一面。由於生性使然，對於別人的要求很難斷然拒絕，事後卻又懊悔不已，不論借人大錢、小錢都有這種傾向。","乙日生的人天生就是弱體質，但是就如難折斷的柳枝般，身體一旦遇上不良的狀況時，會知道臨機應變，不會過於勉強自己。因此，大病的危險反而出人意外的少，即使生病，自己也很有一套應付它，所以不會突然惡化。<br />肝臟和喉嚨易出毛病，扁桃腺炎也是一項弱點。"
"53","丙辰","

熱情豪爽,自信好勝,善言健談,欠缺沉著,但情緒不穩,衝動易怒,缺乏仔細、認真。

","[丙辰][上等]身坐魁地，支藏正印、食神、七殺，主人聰明、伶俐，辰為濕土，丙為太陽，陽光普照，萬物有成，人命丙辰聰明好動。","
聰明才智，手足伶俐，衣祿無虧；身閒心勞，愛交朋友，中年興隆，女人賢能，勤儉建家。
","
丙是威勢猛烈的陽之火,熊熊的燃燒能令鐵為之熔化。因此,丙日出生的人精力充沛,猛勢所至之處可得權威與名聲,會傾出所有的熱情追求自己的理想。<br />光明正大的丙有不能隱瞞事物的短處,因而有時會聒噪的訴說或傾吐自己的心事。<br />丙的性格就像火一樣,瞬間燃燒又倏地消滅,此外,由於自認才智過人,多半成懶惰者,總想自己擁有滿腔的熱情就已足夠,毋須認真努力。<br /><font color=""#0000ff"">丙辰日生的人雖然外看柔和,卻有默默實行的性格,特別是在造成既成事實後將事物據為己有的強烈個性,令人對其直線的進取有不好的評語,此點應多注意。</font>","丙日生的人都是熱情的戀人，一旦喜歡某個人，會毫不猶豫地積極追求，而這種果敢正是這型人的利器。初次會面，只要判斷是“自己喜歡的類型”，一般就會省略寫信或打電話等磨蹭的手續，直接向對方提出邀約。<br />這種類型的男人多戀情，有妻妾同居的熱情傾向，擁有超越常識範圍的開放戀愛觀，他能在同時期和各種不同類型的女性大談各種不同的戀愛，其技巧之高堪稱行家。<br />說他能幹是好聽的話，事實上難以控制逾越正是火的性質，一旦“談戀愛”的傾向增強，雖然不甚有興趣，但仍會追求別人的女友，或勾引上司的太太以致出現危險的局面。由於到處亂播火種，又不留意是否會被灼傷，最後終會導致以愛為主的局面。","這種人就象熊熊燃燒的烈火，天生擁有很好的說服力。丙性質的人最適合從事推銷員工作，只要抓住機會，就會猛烈地發揮優秀的口才說服他人成功。依此看來，丙很適合律師、教育家或宗教家等職業。遇上這種人，就連閉得再緊的貝殼，被如此熱情的猛火一烘，也會在不知不覺中打開蓋子。此外，需要耀眼才華的藝術家或藝人也是丙日生的人的特長，他們都有天才性的發展，如日本歌星美空雲雀在少女時代就已登上歌謠界的女王寶座，日本漫畫高手手塚治蟲也是此型的明例。<br />由火的暗示來看，使用火的烹飪工作非常合適，飲食事業雖與水相關，但很多火的人也活躍在這個業界中，高熱燒土的陶藝家也是合適的工作方向，處理鍋爐與內燃機的工作與火性質相合。<br />火又有能源的意味，所以瓦斯、石油、煤炭等業界，或電力相關事業都很可行。此外，電器或光學事業也含火性，是丙適合從事的職業。就熱情的個性而言，運動員可盡情發揮，尤其是丁年的人生來就有競爭性更是完美的選擇。","丙日生的人天生熱情洋溢、行動奔放，所以身上很難放著錢不用，這種類型的人認為錢是給人用的，賺得多用的更凶，在百貨公司看中的裝飾品，會毫不猶豫的買回家。不過這種情形反而對丙有利，如果勉強儲蓄，致使自由自在的行動受阻，氣勢削弱，易生危險。<br />崇尚自然的丙若能發揮自由的特性，自力更生以應付開銷，才是最理想的生活方式，一旦惜物後，會喪失“火之兄”的特性，光華盡失。<br />丙日的人要想維持無虞的生活，最好始終讓身邊充滿華麗的氣氛，萬一生來小氣，欠缺和人交際則此星的光輝消失，最後窮神將找上門來，自由的金錢觀才能支持丙活力充沛地享受人生。","丙日生的人太過放縱自己，根本不會有所保留，因此這種類型的人壞自己身體的大有人在。就象連續的徹夜工作、酗酒等超出極限之外的事，導致身體報銷。<br />丙日生的人容易罹患的疾病有心臟病、眼病、胃腸病、肺病、神經痛、婦科病等。特別是壬年出生的人，由於生命之火正面被水澆下，所以恐有重疾。此外，戊年生的人平常的身體某處會被疾病侵蝕，須多留意。"
"54","丁巳","

敦厚樸實,重信守義,但任性逞強,防止受騙,有時缺乏耐力,辦事易半途而廢。專勁不夠。

","[丁巳][下等]丁火坐丙火，陽盛陰衰，白日無光。生時丁巳，老年不能高夀。","
為人剛強，利官近貴，個性乖巧，不易順從；兄弟居長，事業顯榮。女人賢慧，勤奮發達，熱誠事業，防有頭無尾，宜精益求精，專心致志，精打細算。
","
丁字在字典中僅次於一,排在第二位,擁有特異的地位。史記、律書中記載“丁者,言萬物之丁壯也”。它就像樹頂上枝葉茂盛的狀態。<br />古時到達徵兵年齡的人稱作壯丁,也有丁年的說法,意指男子成丁之年(二十歲),漢書、嚴安傅中載有“丁男被甲,丁女轉輪,苦不聊生”,丁女也指成年的女子。這種旺盛的力量也是來自火性。<br />丙丁雖同屬火,但丙像太陽,而丁則像夜空中閃爍的星星,或者可說火之兄是熔爐中卷成漩渦的火花,而火之弟則是祭壇上的燭火。因此丁的性格是屬乾脆、內藏熱情型。頭腦轉的快,極富進取精神,是個幾近狡猾很會鑽營的人。然而丁的人偶而會無法克制內在的激烈與表面的溫和所引起的衝突。由於長久被他人評定為“溫和的人”,自己也儘量扮演這個角色,但某個時候會突然暴露自己的衝動。<br /><font color=""#0000ff"">丁巳日生的人更擴大了火性所具有的雙重人格。雖然外表看似柔和,但內心卻充滿猜疑和嫉妒。平日最好不要依仗自己的權威大放厥辭。</font>","這種類型的男性會使戀情持久，他不象丙以瞬間的爆發力來決定戀愛的勝負，一旦他對某一個女性萌生戀情，就會像炭火般，自內心持續熱力，火苗很難消失，他的戀情也不是以肉欲為起點，而是著重于和對方心靈相通的喜悅，就算是個短短的約會，如果能眉目傳情即以心滿意足。<br />丁日生的男性相信一種神秘的緣份，十分重視彼此的邂逅，象在無意中進入的咖啡廳中巧遇女服務生，他也會有命中註定的感覺，此外會深受占星術書中的暗示所影響，這些特徵都與動物性的本能相結合。","丁字有“燭燈”的暗示，燭火搖搖曳曳，雖然火光不大，卻都是由內心發出，因此這類人多選擇宗教、信仰等職業，進而在婚喪喜慶或福利事業界活躍，即使自己的職業與福利無關，也會花很多時間從事義工活動。<br />火屬藝術或學術文化的性質，因此丁的人很自然的會朝音樂、繪畫、書法、花道、茶道等方向發展，如果廣義的詮譯藝術活動，電影界也可包括在內，世界級導演黑澤明就能把這種特性發揚光大，此外，丁的人也可考慮樂器、唱片、玩具、模型、玩偶等與趣味娛樂用品相關的事業。<br />火的人擅長藝術或娛樂事業，但丙多是活躍于表面的藝人，而丁則適合從事幕後工作，如成為經紀人或製作人，尤其以庚年生的人最適合當協助性的經紀人，因他不會被對方或工作引入歧途，而能冷靜的處理事務。","丁的人擁有一顆超越金錢的心，由於不善計較得失，反而會因金錢之事傷害周圍的人。他人認為十分龐大的金額，在丁的人眼中根本不當回事，就算向人借來暫用，也會因忘記歸還而造成他人的困擾。<br />不過也有完全相反的例外出現，他們會對金錢十分執著，由於丁天性淡泊金錢，所以儘管執著，也還算不上是個吝嗇鬼。但他們往往以“金錢不是萬能”為理由，善於計算到了接近失禮的地步。","丁日生的人雖沒有旺盛的生命，但因擁有穩重的長處，會自己照料生活，所以反而多是健康的人。這型人擅長於擊退輕症小病，有心臟病的暗示，特別是狹心症或心臟瓣膜症。此外，也須注意肺炎、肋膜炎。"
"55","戊午","

有積極性,幹一行易於對事物熱衷,但性急,任性而逞強。好勝,欲望高,不滿足感強烈,個別時候小氣。

","[戊午][下等]與丙類似，坐刃太旺，女命克夫，男命克妻，易受傷災。戊土太燥，主人性格浮躁。","
為人溫良，志氣寬宏，衣祿豐足；少年多災，骨肉有刑，夫妻顯克；女人親屬少幫；中年勤奮，有收穫；夫妻性格欠協調，影響健康，老可無憂，子女孝順。
","
戊是陽之土,母之大地的土,也可以說是河川邊堅固堤防之土,或為車道上幹硬的黃土,支撐巨木或森林,阻擋水的奔流,守護人為的通行是它的功用。<br />戊日生的人因此很守信義,重視節操,具有偉人的風格。然而其反面則因是暴露在人前的陽性土,雖然粉飾外觀,但內在卻粗野暴躁,欠缺思慮。<br /><font color=""#0000ff"">戊午日生的人氣勢也過強,平日盛氣淩人眼界頗高,對喜惡的感情也走極端,應試著克制自己七情的喜惡。</font>","這型男性對戀愛表現了極大的包容力，不但不會去拘束對方的行動，而且採取悠閒無為的態度，雖然和對方交往了一段時日，卻從不想去確定她是否真的對他有意。<br />戊日生的男性很大而化之，他們多半不會費神去記女友的生日，就算贈送禮物也已很遲鈍送出，常令對方焦躁不安，但他們並非真心如此，而是天生不伶俐。<br />這類男性大都採取被動的戀愛方式，甚少主動求愛，然而有些女性偏對這種悠閒自得的態度著迷不已，所以他常有機會遇到女性的追求。有時甚至會同時受兩位女性的倒追，不過因其本性使然，總能不慌不忙的選擇。由於這型人不修邊幅也有人愛，所以很少修飾門面。","戊的人天生就有安全、信用、信賴的優點，所以不論在任何行業，大都身居要位，穩固基礎，承受工作重壓力就是這種人的職業性向。進入信用第一的銀行、保險、證券業也是戊的特徵，由於戊的人對金錢不會起野心，再加上細心的理財能力，所以錢可以放心的託付給他，他決不會亂運用金錢去從事利滾利等危險的行當。因此，戊的人理所當然的在公司中擔任經理或資金運用的相關職務，特別是其穩重的特性，往往能成功的長期經營事業，有許多戊的人成了政治家、事業家等大人物。戊屬土性，因此與土有關的事業都適合，如農林業、土木建築業、石材等。<br />若與土木有關的事業最好盡可能的大規模從事，越大就會越發。<br />土又有藏之意，所以倉庫業也很合適。壬年生的人特別適合掌管金融財政，多半擔任企業中的經理重任。","土有通藏的意味，所以戊日生的人在財產上大都有相當的儲蓄，此外土又指不動產，因此頗受財運之惠。這型人多半繼承大片的土地，有長期安定的利息，不需四處奔忙操勞，自然會有十分豐裕的增值。因此，他們大都出身富裕然而事實上卻多屬不會活用財產的人。<br />由於受置不管就會增值的不動產之惠，所以戊的人也很少去考慮如何賺更多的錢，人們常說“富不過三代”，還是不要坐享其成較好。","戊日生的人看似心寬體胖，與疾病無緣的模樣，事實上他的大腹中積存了疾病的種子。戊五行屬中，戊要注意腹部的緣故。因此，首要留意的是胃腸病、胃癌等病。此外，也有膝下疾病或狐臭的暗示。"
"56","己未","

和緩,謹慎,心靈手巧,但疑慮多,欠果斷。容易因情耗財,防止被人牽著走。

","[己未][中等]坐庫通根，身旺，坐下有殺印，主人自我意識強。女命己未身材好。","
口快舌硬，衣祿小有，得貴人幫，勤奮敬業，精打細算，財源不絕。交往朋友，避免閒雜。
","
己字與紀有關,意指在繁絲中理出的頭緒,或是枝葉茂密中頭角崢嶸的一枝獨秀。因此,己給人的感覺是事物的軸心,或擔任引爆劑般的中心角色。<br />此外,己又有自己、克己等說法,可見己就是指自己本身,這和土在五行中居中心位置有關,由於陽土的戊過於強調自我主張,因此己也愛表現自己。<br />己是陰土,意指被森林覆蓋、隱藏或被農作物遮擋而看不見的地面,這些土壤可說都是用來培養植物的軟土。因此,己日生的人都具有殷實農夫般的木納及溫和的品格,然而既是隱藏的土,則多半視野狹窄,頗受猜疑,如果猜疑過度會變成孤僻的人。<br /><font color=""#0000ff"">己未日出生的人運勢的擺動太過激烈,再加上過於理智,特別容易杞人憂天,自尋煩惱。</font>","己日生的男性非常木訥，不擅長主動追求女性。對於機靈的安排約會，利用男性氣概吸引女性關心等技巧一概一竅不通，反映出耿直的戀情。不過這種性質反而激起女性的母性本能，因而意外的多有豔遇機會，這種類型的男性常有現成的飯菜可吃，因為許多女性會到他們的單身公寓打掃、做飯。就連當推銷員時，訥訥拙言型的人一般都比話說得天花亂墜型的人績效好，這種較為人接受的老實性格，使他們情場或商場都能創下佳績。不過，庚年出生的人卻有主動積極追求的傾向。","認真、正直、孜孜不倦地鑽研一件事物是己的特性，可謂無人能出其右，就算每日重複做相同的工作也不會厭倦。一般的職務大都可以勝任，但最好從事能活用某種特定技術或機械性原理的工作。此外，因具有無名英雄的潛能，所以打字員、語言促進師、總機等專門性工作也合適。<br />研究所的技師、研究員等腳踏實地地貢獻成果的職務很適合己的人。也有些人在傳統工藝界發展，圍棋名將林海鋒就具有己的特性。<br />如前所述，戊對土木或不動產很在行，而己則活躍於土的加工行業，如陶瓷器業、煉瓦業、耐火材料等，它們都與窯業有關，因此玻璃業也含在其中。與地下相關的職業也可列入考慮，如地鐵事業、大廈管理員、停車場管理員。壬年生的人相當理智，由於他能聚精會神地勤勉工作，因此得以發揮己所具備的老實，沒有人比他更適合擔任金庫守衛，非常值得信賴。","儘管同屬土性，戊的人較傾向花錢；而己則會專心一意地存錢。這種類型的人既不想花大錢，也不想用小錢，很擅長節衣縮食過生活。一旦有人向己借錢，他會很巧妙地拒絕，貫徹實行金錢第一的信念。<br />己的人對金錢的感覺非常出類拔萃，很長於運用資產，其能力不輸銀行的職員。他們很喜愛購買有獎證券等，情願存錢也不把錢花在無謂的遊玩上。由於扎實的儲蓄，賺取滾雪球式的利息，將可過個安穩的老年生活。","己日生的人看起來動作遲鈍，或氣色很差，談不上健康的模樣，但他卻有很好的抵抗力，對抗病魔也有韌性。己的共通疾病是腸的問題。腸膜炎、腸癌等是最需要注意的疾病。此外，可能也有蛔蟲的煩惱。其他尚有肝臟病、神經痛等暗示。"
"57","庚申","

積極進取,勇敢果決,自尊心強,有才能,善於結交各方面朋友,平衡、穩重,但過於操勞,防止被別人耍花樣、弄權術而迷惑受騙受害。

","[庚申][上等]坐祿通根，身體好，主富貴。醜月庚申，為天月兩德，主人一生身健少疾病。女命庚申帶天月兩德，必生貴子，聰明大器。","
手足不停，為人清高，利官近貴。夫妻口角，煩多愛少。做好事難得好報，救人無功，遭遇妒忌。女人興家，六親冷淡。
","
庚是陽之金,意指藏在地中含有豐富金屬的礦石,庚的人因此擁有如礦石般的剛直性格,此外經過鍛煉,打鐵成鋼可製成刃的鋒利快刀就是庚的特性,不過就像剃刀一樣,雖然鋒利卻稍嫌單薄。或許因為如此,庚日生的人在人品上有其保守的一面,然而不可思義的是世人卻給他超越實力的高評價。不過,庚的人熟知自己的缺點,為了配合世人的評價異常努力,所以實像和虛像之間並無很大的差距。<br />庚的人在無意識中不斷地鍛煉自己可能是與生俱有的宿命使然吧!<br /><font color=""#0000ff"">庚申日生的人是輕率的新潮人物,但運勢強勁,欲求比別人多。</font>","庚日生的男性有十足的男性氣概，外形大都屬肌肉型硬漢（也有例外），性格則硬如鋼鐵，從抽煙的方式、步行的方式，以至飲酒的方式，無一不充滿“冷漠男子”的氣質，非常性感，因此，身邊始終有不少仰慕者，甩都甩不掉。<br />庚日生的男性就算外型上不是肌肉型男子，他們的內心大概也都真率，可以說一根腸子通到底，所以不喜歡細水長流式愛情是他們的特徵之一。<br />這種類型的男性的內心還藏了另一個特色，那就是一旦對方舉止太過親密時，他會立刻甩掉她。如果激怒了他，他才不管是否美如天仙，照樣抱以老拳。","庚日生的人反應靈敏，頭腦敏銳，特別適合從事員警、檢察官或與防衛相關的工作。從警戒完備這點來看，很容易令人聯想到保鏢。日本影視界有名的男演員丹哲郎和渡哲也都是庚日生的人，而他們所扮演的刑警或保鏢角色使他們多年來一直深受影迷喜愛。<br />由此看來，庚的人適合在官場，技術方面或金屬工業界等特別堅實的行業中從事工作。庚屬金性，因此可考慮以鋼鐵業為首的金屬、造船、車輛、動力機械、電機等事業。就算不在上述關係的公司工作，也可適當的轉職，例如原本在木材關係的職位，一旦調往鋼鐵部門，會開始有異於往常的活動。從金屬的意味而言，刃物也包括在內，所以庚也適合從事外科醫生或齒科醫生等職業。<br />甲年庚日生的人易成領導，會是個嚴厲的上司，就算當老闆，也不是個溫情主義的老闆，一切會以軍事化的方式統領。","庚雖屬金性，卻不愛死存錢，性格耿直，重視義氣，就算傾囊付出，也要幫助他人，不為錢拘束。假設自己手頭不便，也會向別處借錢以救人急。因此，與財運緣淺，如果自己不留意，根本不會擁有大量的金錢。不過這就是庚日生的人的特徵，一旦壓抑它，恐會失去性格上的一大優點，只要稍稍收斂一些過於勉強的交際應酬就無大礙。<br />庚日生的人當中要屬已年的人最幸運因已有財產的意味。丙年生的人不太會分好壞，火性不擅長儲錢，所以沒有財力。此外，經過實際的調查，發現辛年的人大多是“吃、喝、賭、買”遊戲人間的人。","庚日生的人，由於“金”是主管肺臟、四肢、鼻、骨，一旦健康受損，立刻障凝四起，除了有腸膜炎、腸結核等暗示外，還有肺炎、風濕症等須要提防。"
"58","辛酉","

沉著坦直無私,待人接物,認真細緻,腳踏實地,但溫柔敦厚而寓涵固執,有些自信,勞碌奔波歡快。

","[辛酉][上等]坐祿通根，得助，立於不敗之地，聰明有文才，有能力。","
為人伶俐，面氣清爽，艱苦事業，自謀高見，口舌能言，高人敬重，財力廣大，六親冷淡，骨肉情疏，女人賢達。
","
辛是陰之金,因此它比庚更能表現金的嚴厲。辛原是指罪人,由於它在秋決時又代表了斬人的刃物,所以給人狠毒的感受。<br />庚就像鐵礦石般原始,但辛卻象徵經過琢磨,精製的貴重金屬或珠玉,呈人工加工的狀態。若和鐵礦石相比較,辛較溫和;就連同樣提倡正義,公理的金的性格而言,辛也給人較平穩,聰明的感覺,以這種嚴厲、溫和相對立的兩個要素為根底的辛,應可看出自己頗亂的兆頭,那就是破壞、改革的暗示。<br />庚通更、辛通新,經過後來的整理,可發現辛本年的事變特別多。此外,辛年出生的人除了私人性的世事變化無常外,也象徵扮演改革時代的角色。<br />辛日生的人可比喻作沙金,僅管外表柔弱,內在卻暗含堅硬,很擅長帶刺的嘲諷,多是毒舌家。由於陰氣之故,易造成偏頗的個性,但偶而也會採取斷然的行動,一旦這種行動力表現得過強時,會成為“齊迫”型的人物。<br /><font color=""#0000ff"">辛酉日生的人就是人們所害怕的“辛酉”組合,這一年多半都曾發生過改革或事變,辛酉人儘管嘴上不說,但內心卻有“自己才是世界的中心”的意識,凡事都以自我本位行動,運勢異常強勁自是不待言之。</font>","這種類型的男性頗陰鬱，就算自己喜歡的女性出現，他也不肯表白自己心意的傾向很強烈。由於他不會沉溺於愛中，所以在談戀愛時，會優先考慮“愛會使我向上嗎？”或“愛情與人生的目標有何關係？”等理論。因此，他十分受喜歡窮根究理的女性吸引，特別是傾心於堅持自我主張的職業女性。<br />這種男性根本上否定母性，強調自我存在的意義，本能上對愛不置評價，面對戀人時也是以清醒的眼光去觀察。<br />偶而他會以完全陌生的第三者般的態度，去對待交往已久的戀人，甚至出口諷刺人，使對方懷疑他是否真心而冷卻感情。不過，辛日生的男性決不會忘記對方的生日，當天一定致贈禮物，以表示自己一絲不苟。","辛和庚一樣具有金的敏銳特質，不過辛屬陰，因此它的敏銳較有粘著力。若要發揮這種特性，可考慮教育界、編輯界或文藝界。庚暗示鐵或重工業，而辛則意味精密機械、化學機械、計算機械、光學機械等輕、細工業，此外，鋁等輕金屬或非鐵金屬業也很適合辛的性格。<br />辛的人應往金屬加工溶接、電鍍、金屬雜貨的製造、貴重金屬裝飾等業界發展，非常容易發揮所長。雖然辛給人硬物的印象，但丙年出生的人卻有柔軟的一面，就算當員警，也多半是牽老年人過馬路或給兒童們觀賞交通安全卡通漫畫的女警。","辛與庚同屬金性，所以也重視正義，讓義理，不過，庚太過正直，辛就比較能夠融通。他和不善錢的庚不同，很有些小技巧營利。像在不動產方面就很能發揮所長。便如分租公寓，或在小小的空地上能自動販賣機，頗能掌握要領，有受金錢之惠的暗示。自己若不直接經營生意，也會借錢給他人賺取利息，頭腦非常靈活。<br />戊年生的人有“土中金”之意，應該會儲蓄，不過土中金就如庭院中出現鯊魚一樣，未必是不可能實現的夢。這種類型的人有可能在前代先人的收藏中，發現價值連城的古畫。","辛日生的人給人的印象是精幹瘦削，欠缺體力，談不上是非常健康，但比起戊或己的人卻要好得很多。"
"59","壬戍","

心胸寬廣,機智靈敏,喜歡照顧他人,聰明,有官運,或者駕馭他人,但是為人操勞,衝動易怒。

","[壬戌][上等]坐下財生殺，殺生印，殺印相生，主大貴，或武貴，但丁壬化木逢燥土，往往變成小人或壞人。","
好行善事，四處不停，心勞尤多，衣食不缺，結交貴人，提拔事業，早年平，中年勞，晚年好。女人賢慧，操勞興家。
","
壬是陽之水,有滔滔大江之勢,得天獨厚的雄才大略使壬的人能毫無顧慮地橫掃世間。巧妙處理人際關係的能力無人出其右,在營業或外交場上得意自是理所當然。由於反應靈敏一拍就響,所以很快的就跟上對方的步調。<br /><font color=""#0000ff"">壬戌日生的人可謂一帆風順,由於自己行善也要別人不可作惡,因此常愛多管閒事,氣勢過強是其缺點。</font>","這種類型的男性有知性的魅力，稍帶憂鬱的氣質很受異性的歡迎。凡是追求他的女性，他一概來者不拒，一個星期可能和七個人約會。此外，因他具有果敢的行動力，所以也常會主動邀約他人。<br />壬日男性很擅長“一夜風流”，從吃飯、飲酒到飯店這一個過程視以知性的背景，製造了絕妙的氣氛，使他們無往不利。由於自由的戀愛觀，使他們甚少有從一女性而終的心態。","壬日生的擁有水流的快速與智慧，壬的職業運就潛在這性質當中，由於智慧的凝聚，因此壬的人適往需要豐富點子或創造力的企劃、文案部門發展。再加上他能機敏的判斷狀況，在一瞬間取得靈感，所以設計師或文案撰稿員等職業是非壬莫屬，而企劃部或宣傳部更是需要他的頭腦。<br />這種類型的人也很擅長教育、文化、藝術等方面，能夠發揮獨一無二的創造力。特別是壬全身洋溢著智慧，若當學者或研究者必能提供一流的成果，他們多半不會關在研究室中默默發表成績，而是活躍於與輿論傳播界，傾向于領導某種團體理論。在公司或組織中壬多從事研究部門。水也象徵流通，因此壬的人也有因為利用這個特性而成功的開創事業的例子。<br />壬有大河的暗示，所以水利或水方面的職業也很適合。壬年生的人最能發揮壬日生的本能，雖然運勢過強恐會脫軌，但因其一身本領的優點超群，因此在任何行業都能如魚得水的活躍。","壬的本質是如流水般運用、流通金錢。因此壬日生的人擅長於活用資金，錢上滾錢。由於這種類型的人能在腦中迅速盤算錢的去路，確知多少年後能有多大的財產，所以尚無人比他更正確地培育金錢。<br />壬日生的人有數字概念，頭腦轉的快，點子又多，單單運用利息，恐怕無法獲得滿足。因此這型人常在流動快速的股票市場上決勝負。不過，點子不一定都能奏效，所以壬的人若不注意，將會過度相信自己的腦袋而招致失敗。一心想站在時代的前端，而大量投資開創事業，終致基礎崩潰，最後落得一無所有是壬常見的現象。<br />戊年壬日生的人雖然沒有靈敏的金錢感覺，但只要不奢侈，大都衣食無慮。","水是知性的代名詞，因此壬日出生的人平日就對健康管理十分注意。不過，自古以來水和性就有很深切的關係，所以要對該方面非常警戒。"
"60","癸亥","

逞強頑固,是努力家,有耐力,熱情大方,聰穎機靈,但心地狹窄,容易小氣。

","[癸亥][下等]玄武日，坐刃，喜歡獨斷專行，武將不善終，男命不利妻。","
為人剛直，言語坦然，不順人情；六親疏遠，交往淡淡；自立家業，女人緣旺，家庭坎坷，誠信待人，慎重欺詐；保養健康。
","
癸有測量之意,水之阻的癸是指隆冬之時,草木枯萎一望無際,因而便於測量。<br />有別于壬的大河性格,癸是指小溪,水溝的細細水流、池沼混濁的水,或在草木葉上棲息的露水。壬可以說是表現之水,而癸則是底層的深水,水的表面儘管明亮,但光線卻很難射入水底,因此癸的人在內心深處始終穩藏了神秘的性格。<br />癸日生的人性情平等、順從,重視默默的努力,但是當努力不為人接受時,忍耐到極點後會爆發怒氣。由於善於察言觀色,並加以協調配合,因而有旺盛的服務精神。<br /><font color=""#0000ff"">癸亥日出生的人會使四周充滿柔和的氣氛,但是這種柔和卻有別于舉止的溫和,因其本人具有十分的自信,滿懷征服天下的氣概,有過度自信的傾向。</font>","癸日生的男性有虛弱的一面，而它使戀情有了複雜的陰影。因為這虛弱在女性眼中成了無上的魅力，在“想保護”他的感情驅策下，進而締結戀情是常有的事。<br />這型男性不會直接示愛，他把認識的女性全當成女友看待，多少有一點“沉默寡言”的傾向。<br />癸日的男性對異性的追求很熱衷，有時會對異性糾纏不休。此外，這型人也有官能倒錯的傾向，有時會性倒錯而想成為女性。","癸意味著地下水，因此他不會在人們看到的地方活動，而是在某個深處樸實工作，有許多保守的研究者是癸日出生的，他們不是愛女學生歡迎的王牌學者，而是樸實的累積成果。<br />由於洞察力非常敏銳，很適合參謀工作，在團體中如果立他為副領袖，可以發揮智慧推展許多活動。在公司或組織中，癸型的人都擅長訂定計劃，並會完美的達成任務，加上他十分擅長於預先準備好各方面有利的話而圓滿達成交涉，因此多活躍于幕後，成為所謂的謀士。<br />水的流通也意味錢的流通，五行中土是不動產，而金則為動產。依此看來，癸很適合往金融業發展。此外，若論流通，人來人往的百貨公司、超級市場、交通業、旅遊業等也非常合適。<br />癸的人特別擅長對人服務，因而介紹人、顧問、販賣報紙等以服務為主體的行業全部都很適應。特別是甲年生的人最能發揮癸的服務性，飯店業、理容業也是這型人的得意業。<br />服務業中凡是利用水性的行業如咖啡廳、酒吧點心店、餐廳、小吃店等都沒問題。清涼飲料、牛奶、酒類業更是沒話說的適合。此外，需要大量水的溫泉、浴場、洗衣店等也是癸可選擇的行業。水也可廣義的解釋成液體，因此也可考慮石油、汽油販賣等相關職種。","癸也屬水性，有很好的洞察力。這種類型的人多勤勉努力，不靠洞察力或先見力。也能夠聚集努力的結晶，擁有錢財或不動產。賺得快花得快是人之常情，但這種類型的人卻例外，錢財一旦到手，就會慎重、踏實的處理。<br />例如在公司舉辦的“意見競賽”中奪魁而得到的獎金，癸的人會把它存起來當成結婚資金，決不會把它用在吃喝上。想來這種類型的人深知“聚沙成塔”的各種滋味，知道錢的好處多多。除了正式的工作外，他們多半也嘗試各種打工增加副收入。","癸位居十幹之末，從健康運來看，已呈疲勞的狀態。不過，他同時又孕育十幹之首的甲，所以內含精力。儘管外觀虛弱，但仍有十分強的健康運。<br />癸中要屬己年和乙年生的人最須留意，不要太過勉強自己，一旦覺得疲勞，應立刻休息。<br />概括來說，癸的人較容易惟患腎臟系統的疾病。面呈黑色的人更須特別注意。"
